file,condId,repetition,dry,agentLabel,agentSampleTime,rateHz,pathDuration,cmdScale,effFactor,referenceTiming,scriptVersion,gitHash,gitDirty,stopReason,completed,nSteps,tEnd,rms,rms_first,max,t_max,q1_mean,q2_mean,q3_mean,q4_mean,loopMean_ms,loopMedian_ms,anyCap,anySoftLimit,dur_feedback_ms,dur_fk_ms,dur_obs_ms,dur_agent_ms,dur_pipeline_ms,dur_send_ms,dur_log_ms,dur_wait_ms
R0_v23_repro/R0_v23_repro_r01_20260926_141207.mat,R0_v23_repro,1,False,PPO 10 Hz,0.1,10.0,17.0,0.35,0.35,wall,V2.4,4388ebb,False,completed,True,169,16.928191,0.058395675692224515,0.021695036812458265,0.16895967029112205,16.928191,0.02166639702222714,0.026099247412107007,0.03394128003822153,0.09770538086416251,100.76223809523813,100.00050000000016,False,False,20.51599999999887,2.500000000000391,0.058000000001001695,4.4480000000000075,0.07699999999921658,16.901999999999973,0.4399999999993298,54.845000000000255
R0_v23_repro/R0_v23_repro_r02_20260926_141454.mat,R0_v23_repro,2,False,PPO 10 Hz,0.1,10.0,17.0,0.35,0.35,wall,V2.4,4388ebb,False,completed,True,170,16.945752,0.05930153667487319,0.02201959804194667,0.16998431538128356,16.945752,0.02114386072105258,0.02750960000965448,0.036311100041631315,0.09913665499075973,100.26692899408282,100.00199999999992,False,False,24.849999999999817,2.682499999999699,0.06299999999903605,4.5999999999999375,0.07599999999996498,16.155999999999615,0.45800000000006946,50.784500000000236
T10_nom/T10_nom_r01_20260926_141757.mat,T10_nom,1,False,PPO 10 Hz,0.1,10.0,8.5,1.0,1.0,wall,V2.4,4388ebb,False,completed,True,85,8.403366,0.053420716702625146,0.009562384551180289,0.15835339540022964,8.403366,0.009491917231965201,0.007447758837946761,0.01283444732885164,0.09924756447562924,100.03909523809523,100.00049999999987,False,False,21.35700000000007,2.6119999999996146,0.064000000000064,4.867000000000843,0.07800000000024454,16.137999999999764,0.4719999999998059,54.246000000000016
T10_nom/T10_nom_r02_20260926_141904.mat,T10_nom,2,False,PPO 10 Hz,0.1,10.0,8.5,1.0,1.0,wall,V2.4,4388ebb,False,completed,True,86,8.499826,0.05546303342401965,0.009588886355914398,0.16298920494492525,8.499826,0.009550691772113032,0.0068822806465406,0.012513665492260094,0.10128759854072347,99.99759999999999,99.99499999999983,False,False,14.978000000000158,2.6679999999998927,0.06250000000074252,4.541499999999976,0.07599999999996498,16.271499999999996,0.4574999999999996,60.76349999999997
T10_nom/T10_nom_r03_20260926_142016.mat,T10_nom,3,False,PPO 10 Hz,0.1,10.0,8.5,1.0,1.0,wall,V2.4,4388ebb,False,completed,True,85,8.400168,0.053531977149566486,0.00983210504445814,0.1583136243065555,8.400168,0.009568043382201694,0.006997011155247106,0.01347072259244041,0.09939296012443097,100.00192857142858,99.9985000000001,False,False,4.639999999999311,2.5409999999999044,0.06100000000053285,4.80700000000045,0.07900000000016227,16.155999999999615,0.4669999999999952,71.01099999999994
T10_nom/T10_nom_r04_20260926_142120.mat,T10_nom,4,False,PPO 10 Hz,0.1,10.0,8.5,1.0,1.0,wall,V2.4,4388ebb,False,completed,True,85,8.40026,0.05242653744027335,0.008694852168178677,0.15700756916570802,8.40026,0.008684098355467195,0.006291435765733816,0.012636344216844734,0.09729676058976948,100.00298809523808,99.99949999999957,False,False,4.129999999999967,2.4769999999998404,0.04999999999988347,4.5839999999999215,0.07099999999993223,16.83900000000005,0.4460000000001685,71.36099999999956
T10_nom/T10_nom_r05_20260926_142400.mat,T10_nom,5,False,PPO 10 Hz,0.1,10.0,8.5,1.0,1.0,wall,V2.4,4388ebb,False,completed,True,85,8.400136,0.052504436299640606,0.010143824386938076,0.15597197805141672,8.400136,0.009759779680389517,0.00668874747026304,0.012995106201988727,0.09734246251916619,100.00155952380953,99.99950000000013,False,False,25.592000000000503,2.673999999999843,0.053999999999554404,4.564999999999486,0.0700000000000145,16.01800000000031,0.4550000000000942,50.066000000000166
T40_cdr_nom/T40_cdr_nom_r01_20260926_141831.mat,T40_cdr_nom,1,False,CDR2-4 40 Hz,0.025,40.0,8.5,1.0,1.0,wall,V2.4,4388ebb,False,completed,True,170,8.472621,0.05377815598550439,0.015445679392607702,0.15570722519232685,8.472621,0.014097334998290384,0.013593391084673608,0.020005423446152554,0.09708290098371045,50.133538461538464,50.14699999999994,False,False,25.050499999999865,2.593999999999874,0.06299999999992423,4.4570000000001,0.0749999999998252,16.741499999999743,0.4409999999994696,0.41000000000002146
T40_cdr_nom/T40_cdr_nom_r02_20260926_141934.mat,T40_cdr_nom,2,False,CDR2-4 40 Hz,0.025,40.0,8.5,1.0,1.0,wall,V2.4,4388ebb,False,completed,True,170,8.476349,0.05338924690883145,0.014995838276232843,0.1550118634758645,8.476349,0.01412201785858613,0.012520102437495023,0.019412408132627745,0.09658166643237628,50.15586982248521,49.94500000000013,False,False,25.236000000000036,2.6725000000000723,0.064000000000064,4.586000000000201,0.07599999999996498,16.30850000000006,0.43099999999984817,0.4240000000006461
T40_cdr_nom/T40_cdr_nom_r03_20260926_142047.mat,T40_cdr_nom,3,False,CDR2-4 40 Hz,0.025,40.0,8.5,1.0,1.0,wall,V2.4,4388ebb,False,completed,True,170,8.475966,0.053682339498824394,0.015049310286266692,0.1556359751595234,8.475966,0.01417131028685411,0.012470533739008312,0.019031515554697228,0.09722154827565786,50.153609467455624,50.049999999999706,False,False,25.208999999999705,2.67799999999907,0.059000000000253294,4.558000000000062,0.07100000000015427,16.32800000000007,0.4305000000000003,0.436000000000325
T40_cdr_nom/T40_cdr_nom_r04_20260926_142159.mat,T40_cdr_nom,4,False,CDR2-4 40 Hz,0.025,40.0,8.5,1.0,1.0,wall,V2.4,4388ebb,False,completed,True,170,8.454541,0.05288711224759856,0.014227632183332485,0.15377255110992125,8.454541,0.01330280747821519,0.011564673594866483,0.020111314426366912,0.09696129140731614,50.026822485207106,50.00800000000005,False,False,25.28599999999992,2.814499999999942,0.05499999999969418,4.481500000000027,0.06799999999995698,16.25700000000019,0.4309999999999592,0.45149999999993806
T40_cdr_nom/T40_cdr_nom_r05_20260926_142228.mat,T40_cdr_nom,5,False,CDR2-4 40 Hz,0.025,40.0,8.5,1.0,1.0,wall,V2.4,4388ebb,False,completed,True,170,8.454541,0.05290826753937943,0.014268265015214814,0.1538957545298804,8.454541,0.01307107565551015,0.01194684092441096,0.019792623364309914,0.09706466580035096,50.02676331360948,50.07800000000007,False,False,25.20050000000007,2.4925000000000086,0.05100000000002325,4.589999999999872,0.0700000000000145,16.452500000000093,0.4454999999996545,0.4635000000001721
T40_ppo_nom/T40_ppo_nom_r01_20260926_142752.mat,T40_ppo_nom,1,False,PPO 40 Hz (Basis),0.025,40.0,8.5,1.0,1.0,wall,V2.4,4388ebb,False,completed,True,170,8.475757,0.023839572647402933,0.020608961486594034,0.04431634451675966,8.475757,0.014512685377623652,0.026895573351840923,0.017367027255069497,0.030213324055026223,50.15236094674557,49.914000000000236,False,False,25.170500000000207,2.5680000000000147,0.05499999999995786,4.573499999999786,0.0700000000000145,16.62849999999949,0.44250000000012335,0.3724999999992207
T40_ppo_nom/T40_ppo_nom_r02_20260926_142820.mat,T40_ppo_nom,2,False,PPO 40 Hz (Basis),0.025,40.0,8.5,1.0,1.0,wall,V2.4,4388ebb,False,completed,True,169,8.481881,0.024127044835535013,0.022238854906144443,0.04282056114993141,8.481881,0.016353562452137687,0.02849161805009152,0.017361679385221433,0.0276401881348301,50.48735714285714,49.94700000000019,False,False,25.145000000000195,2.6330000000003295,0.06099999999997774,4.635000000000389,0.07600000000018703,16.515000000000057,0.4340000000002675,0.41400000000002546
T40_ppo_nom/T40_ppo_nom_r03_20260926_142900.mat,T40_ppo_nom,3,False,PPO 40 Hz (Basis),0.025,40.0,8.5,1.0,1.0,wall,V2.4,4388ebb,False,completed,True,168,8.452407,0.02449590101749138,0.023142830702971712,0.04165973947377534,8.452407,0.017615543393857885,0.029538485105020624,0.017962740220896112,0.027362249899995795,50.6131616766467,50.035000000000274,False,False,25.268499999999918,2.8180000000002092,0.06299999999992423,4.6040000000000525,0.07500000000015827,16.21149999999938,0.42100000000022675,0.42000000000008697
T40_ppo_nom/T40_ppo_nom_r04_20260926_142925.mat,T40_ppo_nom,4,False,PPO 40 Hz (Basis),0.025,40.0,8.5,1.0,1.0,wall,V2.4,4388ebb,False,completed,True,170,8.476223,0.024345000288998195,0.020642916803587097,0.04544906715123892,8.476223,0.01430462596265468,0.026981247107256967,0.017295505228418644,0.03129898861078314,50.15513017751478,49.98199999999997,False,False,24.982999999999866,2.58349999999985,0.06099999999964467,4.601500000000147,0.07599999999996498,16.61899999999994,0.4240000000006461,0.4424999999999013
T40_ppo_nom/T40_ppo_nom_r05_20260926_142950.mat,T40_ppo_nom,5,False,PPO 40 Hz (Basis),0.025,40.0,8.5,1.0,1.0,wall,V2.4,4388ebb,False,completed,True,170,8.454451,0.023828102020202597,0.020175047451531702,0.04561288207807115,8.454451,0.0138858128683074,0.02657858814473868,0.016170344957954448,0.031261629023868295,50.026295857988174,49.98600000000009,False,False,24.97600000000011,2.5500000000000522,0.06199999999978445,4.619500000000221,0.07550000000033918,16.682499999999933,0.43199999999998795,0.4509999999999792
T40_r0_j6/T40_r0_j6_r01_20261003_134403.mat,T40_r0_j6,1,False,PPO r0 J6 0.98 (D16 s0),0.025,40.0,8.5,1.0,1.0,wall,V2.4,96f4f4b,False,completed,True,168,8.497904,0.0898522776576616,0.022536944340397713,0.2293755210978123,8.497904,0.0236211806404867,0.02432021325815668,0.05822379444989921,0.15855390515296602,50.88211377245509,49.98300000000011,False,True,25.203500000000155,2.674499999999913,0.058999999999809205,4.742999999999997,0.08199999999991547,16.40549999999985,0.43199999999998795,0.4355000000000331
T40_r0_j6/T40_r0_j6_r02_20261003_134443.mat,T40_r0_j6,2,False,PPO r0 J6 0.98 (D16 s0),0.025,40.0,8.5,1.0,1.0,wall,V2.4,96f4f4b,False,completed,True,167,8.497464,0.09237704557939473,0.025263330368223025,0.23269430259720206,8.497464,0.026940203669754144,0.025535216576744065,0.06121233288399547,0.1618060718876451,51.18901807228916,50.068000000000055,False,True,25.36299999999958,2.8850000000000264,0.06299999999992423,4.6200000000000685,0.0809999999997757,16.049999999999898,0.4340000000002675,0.44799999999955986
T40_r0_j6/T40_r0_j6_r03_20261003_134523.mat,T40_r0_j6,3,False,PPO r0 J6 0.98 (D16 s0),0.025,40.0,8.5,1.0,1.0,wall,V2.4,96f4f4b,False,completed,True,170,8.454242,0.0917104914976615,0.01677405400585439,0.2356371808765838,8.454242,0.014094846963596112,0.025350540016655165,0.061363067629642026,0.1653322449432165,50.02505325443788,50.10700000000001,False,True,25.46499999999996,2.5479999999998837,0.05699999999997374,4.774499999999959,0.07800000000024454,16.157999999999895,0.4290000000000127,0.4450000000000287
T40_r0_j6/T40_r0_j6_r04_20261003_134601.mat,T40_r0_j6,4,False,PPO r0 J6 0.98 (D16 s0),0.025,40.0,8.5,1.0,1.0,wall,V2.4,96f4f4b,False,completed,True,170,8.454742,0.09202645213831345,0.016813294231829843,0.2358925157573036,8.454742,0.0140537454123318,0.025441200721583714,0.06219426549347959,0.16571854184459417,50.028,50.041999999999476,False,True,25.111999999999636,2.52650000000032,0.04999999999993898,4.3645000000007705,0.07299999999998974,16.81000000000005,0.45450000000002433,0.5099999999998994
T40_r0_j6/T40_r0_j6_r05_20261003_134640.mat,T40_r0_j6,5,False,PPO r0 J6 0.98 (D16 s0),0.025,40.0,8.5,1.0,1.0,wall,V2.4,96f4f4b,False,completed,True,170,8.454238,0.09171771906955165,0.016395027345235572,0.2358376781034191,8.454238,0.014069734740914356,0.024699282843498125,0.06189609420321261,0.1652316341606692,50.025023668639065,50.056999999999796,False,True,25.387999999999522,2.7214999999999323,0.05200000000016303,4.45300000000004,0.07099999999993223,16.27949999999978,0.43199999999998795,0.48000000000003595
T40_r4_1k/T40_r4_1k_r01_20261003_134700.mat,T40_r4_1k,1,False,PPO r4 1000 ep (D16 s2),0.025,40.0,8.5,1.0,1.0,wall,V2.4,96f4f4b,False,completed,True,170,8.45537,0.014249898047860598,0.01690457460483414,0.0337179502478178,8.45537,0.01754248932783623,0.014207756913099067,0.006516145491112002,0.012208095686570239,50.03173372781065,50.035999999999525,False,True,25.23850000000022,2.713999999999994,0.053999999999998494,4.355000000000109,0.0709999999992661,16.498999999999818,0.4305000000003889,0.4825000000003854
T40_r4_1k/T40_r4_1k_r02_20261003_134720.mat,T40_r4_1k,2,False,PPO r4 1000 ep (D16 s2),0.025,40.0,8.5,1.0,1.0,wall,V2.4,96f4f4b,False,completed,True,170,8.45451,0.01389047732199856,0.01667510711045297,0.032209062129847664,8.45451,0.017238785261486964,0.014123911538771981,0.006921779660081406,0.011219518910469692,50.02663905325445,50.035000000000274,False,True,25.36700000000003,2.5190000000001045,0.04900000000018778,4.534499999999997,0.0699999999999451,16.47349999999989,0.44700000000030826,0.4959999999998299
T40_r4_1k/T40_r4_1k_r03_20261003_134742.mat,T40_r4_1k,3,False,PPO r4 1000 ep (D16 s2),0.025,40.0,8.5,1.0,1.0,wall,V2.4,96f4f4b,False,completed,True,170,8.454657,0.01407164654639421,0.016783717074791003,0.03245182621104805,8.454657,0.017428269094797562,0.014085594749238893,0.006854251062458437,0.011950599348490909,50.02750295857987,50.043000000000504,False,True,25.34599999999987,2.5420000000000442,0.05100000000002325,4.4875000000002,0.06899999999987472,16.396999999999995,0.4335000000000866,0.4935000000001466
T40_r4_1k/T40_r4_1k_r04_20261003_134802.mat,T40_r4_1k,4,False,PPO r4 1000 ep (D16 s2),0.025,40.0,8.5,1.0,1.0,wall,V2.4,96f4f4b,False,completed,True,170,8.45478,0.01384604335143164,0.016575587589912604,0.03158305929473167,8.45478,0.01706708583804895,0.01426815478528746,0.00716686582074136,0.011264244049841296,50.02823668639052,50.01600000000028,False,True,25.244000000000042,2.7570000000000094,0.05399999999977645,4.3400000000000105,0.06999999999990347,16.445000000000043,0.4269999999999552,0.5024999999998503
T40_r4_1k/T40_r4_1k_r05_20261003_134830.mat,T40_r4_1k,5,False,PPO r4 1000 ep (D16 s2),0.025,40.0,8.5,1.0,1.0,wall,V2.4,96f4f4b,False,completed,True,170,8.47604,0.014468978033073314,0.017755733488286084,0.03128552493349869,8.47604,0.018552795979746267,0.014761379190927458,0.008076054848085388,0.010816241287754231,50.15403550295858,50.008999999999745,False,True,25.057500000000065,2.55150000000004,0.05100000000002325,4.355499999999957,0.07099999999993223,16.845999999999695,0.4304999999997783,0.5119999999998459
T40_r4_3k/T40_r4_3k_r01_20261003_134239.mat,T40_r4_3k,1,False,PPO r4 3000 ep (D16 s7),0.025,40.0,8.5,1.0,1.0,wall,V2.4,96f4f4b,False,completed,True,166,8.472003,0.023042615079671588,0.026634252186782503,0.051939699030646276,8.472003,0.0277908623977008,0.02306635712235859,0.01753505916475592,0.01726781963695243,51.34423636363636,49.97300000000004,False,True,25.185499999999973,2.6640000000002217,0.05699999999997374,4.748499999999767,0.08099999999999774,16.265500000000046,0.4315000000001401,0.4224999999999923
T40_r4_3k/T40_r4_3k_r02_20261003_134424.mat,T40_r4_3k,2,False,PPO r4 3000 ep (D16 s7),0.025,40.0,8.5,1.0,1.0,wall,V2.4,96f4f4b,False,completed,True,170,8.499066,0.01826987398484047,0.018842039174575095,0.05140759012591554,8.499066,0.01956523344126592,0.016012085585912543,0.012910449130972626,0.01692652214380119,50.29008875739645,50.041999999999916,False,True,25.419999999999998,2.6444999999997165,0.058000000000113516,4.813000000000011,0.07800000000013352,16.083499999999972,0.42399999999997995,0.41949999999990606
T40_r4_3k/T40_r4_3k_r03_20261003_134504.mat,T40_r4_3k,3,False,PPO r4 3000 ep (D16 s7),0.025,40.0,8.5,1.0,1.0,wall,V2.4,96f4f4b,False,completed,True,169,8.449998,0.017911490686786154,0.01882588819280056,0.04829437149223189,8.449998,0.019475520602864758,0.01612067124140453,0.013214037581435821,0.015949780702769593,50.297470238095244,49.98100000000022,False,True,25.031000000000027,2.62299999999982,0.059000000000253294,4.678000000000182,0.08100000000021979,16.509000000000107,0.4240000000006461,0.45300000000025875
T40_r4_3k/T40_r4_3k_r04_20261003_134542.mat,T40_r4_3k,4,False,PPO r4 3000 ep (D16 s7),0.025,40.0,8.5,1.0,1.0,wall,V2.4,96f4f4b,False,completed,True,170,8.475754,0.017829058915534518,0.0179541354745151,0.05034089653634669,8.475754,0.01829244925843218,0.01593840954829877,0.01245442494064981,0.016706785539800685,50.152343195266276,50.010999999999584,False,True,25.105500000000003,2.5125000000001396,0.05100000000002325,4.357500000000236,0.07100000000015427,16.906500000000158,0.43199999999998795,0.46899999999983066
T40_r4_3k/T40_r4_3k_r05_20261003_134621.mat,T40_r4_3k,5,False,PPO r4 3000 ep (D16 s7),0.025,40.0,8.5,1.0,1.0,wall,V2.4,96f4f4b,False,completed,True,170,8.455033,0.016975746775266892,0.016963192415315704,0.04868034883524658,8.455033,0.017259855633728408,0.014859563720436461,0.012511015008914895,0.016089702579472388,50.02973372781066,50.072000000000116,False,True,25.093000000000032,2.6040000000000507,0.05199999999949689,4.3839999999999435,0.07149999999978007,16.766000000000282,0.42150000000029664,0.4830000000000112
T40_r4_3k_s1/T40_r4_3k_s1_r01_20261003_140001.mat,T40_r4_3k_s1,1,False,PPO r4 3000 ep (D16 s1),0.025,40.0,8.5,1.0,1.0,wall,V2.4,123b595,False,completed,True,168,8.47713,0.03195467836669743,0.02403986558915361,0.06272942527436645,7.726724,0.02735887618202073,0.01669745619012663,0.024823374178682685,0.0456914956373647,50.76120359281437,49.94900000000024,False,True,25.502000000000024,2.8850000000000264,0.064000000000064,4.585000000000283,0.08300000000005525,15.952999999999884,0.4490000000003658,0.4035000000001676
T40_r4_3k_s1/T40_r4_3k_s1_r02_20261003_140022.mat,T40_r4_3k_s1,2,False,PPO r4 3000 ep (D16 s1),0.025,40.0,8.5,1.0,1.0,wall,V2.4,123b595,False,completed,True,169,8.477642,0.029345578370452555,0.01845407827341649,0.06120161686310876,7.627424,0.020742102375339556,0.01584117630051874,0.02531907801543569,0.04237777306712454,50.46208333333333,50.0020000000001,False,True,25.390000000000246,2.62299999999982,0.06200000000022854,4.813999999999652,0.08600000000047459,16.16099999999987,0.4729999999999457,0.45400000000039853
T40_r4_3k_s1/T40_r4_3k_s1_r03_20261003_140043.mat,T40_r4_3k_s1,3,False,PPO r4 3000 ep (D16 s1),0.025,40.0,8.5,1.0,1.0,wall,V2.4,123b595,False,completed,True,170,8.455047,0.029241042248178695,0.01664286086428145,0.061675491623602946,7.605182,0.01853265035570886,0.01564372393578655,0.025360742038147033,0.043488283777348195,50.02983431952663,50.00500000000008,False,True,25.36499999999997,2.7129999999999654,0.06100000000001937,4.849000000000048,0.08100000000066387,15.939499999999995,0.4355000000000331,0.43749999999986855
T40_r4_3k_s1/T40_r4_3k_s1_r04_20261003_140103.mat,T40_r4_3k_s1,4,False,PPO r4 3000 ep (D16 s1),0.025,40.0,8.5,1.0,1.0,wall,V2.4,123b595,False,completed,True,170,8.454825,0.031034986626346964,0.01746026312040712,0.06160725408348319,7.704067,0.01927233911955567,0.016098235032867246,0.025898986613869798,0.047374259674912024,50.02851479289941,49.9780000000003,False,True,25.333000000000048,2.7539999999996456,0.06600000000034356,4.609499999999656,0.0809999999997757,16.011499999999845,0.4399999999993298,0.4524999999997448
T40_r4_3k_s1/T40_r4_3k_s1_r05_20261003_140123.mat,T40_r4_3k_s1,5,False,PPO r4 3000 ep (D16 s1),0.025,40.0,8.5,1.0,1.0,wall,V2.4,123b595,False,completed,True,170,8.455458,0.029488091825975695,0.017031813991462214,0.06074781058429475,7.60492,0.01869910826214473,0.016107278515449606,0.02555520362615685,0.04406806564022853,50.032254437869824,49.93400000000037,False,True,25.28599999999992,2.6530000000001275,0.06100000000008876,4.594500000000057,0.08400000000019503,16.29550000000002,0.44399999999988893,0.4829999999995671
T40_r4_3k_s4/T40_r4_3k_s4_r01_20261003_135046.mat,T40_r4_3k_s4,1,False,PPO r4 3000 ep (D16 s4),0.025,40.0,8.5,1.0,1.0,wall,V2.4,96f4f4b,False,completed,True,170,8.453769,0.016446063087798907,0.015224583031867122,0.022944712409096856,6.453672,0.01661293096851257,0.010459523536236671,0.015833140229432715,0.020139304691330035,50.022242603550296,50.043999999999755,False,True,25.414000000000048,2.5620000000001752,0.05100000000002325,4.420499999999938,0.07500000000004725,16.510999999999942,0.4519999999996749,0.3910000000000302
T40_r4_3k_s4/T40_r4_3k_s4_r02_20261003_135106.mat,T40_r4_3k_s4,2,False,PPO r4 3000 ep (D16 s4),0.025,40.0,8.5,1.0,1.0,wall,V2.4,96f4f4b,False,completed,True,170,8.479249,0.01752469995684468,0.016588025106897702,0.02436777287551418,6.429354,0.018199740587490226,0.011541359789346483,0.017086326957751405,0.02073548631480442,50.173005917159756,50.027000000000044,False,True,25.21349999999989,2.5610000000000355,0.051999999999996493,4.465499999999789,0.07299999999998974,16.733499999999736,0.440000000000218,0.41900000000083537
T40_r4_3k_s4/T40_r4_3k_s4_r03_20261003_135125.mat,T40_r4_3k_s4,3,False,PPO r4 3000 ep (D16 s4),0.025,40.0,8.5,1.0,1.0,wall,V2.4,96f4f4b,False,completed,True,170,8.454282,0.016863250602672398,0.015068464067085084,0.024073042453065012,6.759951,0.0164673907757848,0.010206345648297468,0.016562298471143988,0.021128023876799667,50.02530177514793,50.014,False,True,25.413000000000352,2.754999999999619,0.05499999999969418,4.493000000000053,0.07199999999940587,16.2264999999997,0.44800000000044804,0.43100000000073635
T40_r4_3k_s4/T40_r4_3k_s4_r04_20261003_135145.mat,T40_r4_3k_s4,4,False,PPO r4 3000 ep (D16 s4),0.025,40.0,8.5,1.0,1.0,wall,V2.4,96f4f4b,False,completed,True,170,8.454981,0.016891221849589907,0.01534982302703041,0.02411829193459057,6.458638,0.01669341675122625,0.010786402483040712,0.01654711559057336,0.0207285301460065,50.029426035502965,50.03599999999997,False,True,25.256000000000167,2.611499999999767,0.05200000000016303,4.464499999999926,0.07399999999968543,16.529500000000084,0.4390000000000782,0.4344999999998933
T40_r4_3k_s4/T40_r4_3k_s4_r05_20261003_135204.mat,T40_r4_3k_s4,5,False,PPO r4 3000 ep (D16 s4),0.025,40.0,8.5,1.0,1.0,wall,V2.4,96f4f4b,False,completed,True,170,8.454537,0.016658194761904305,0.01519807741059228,0.02363721796167446,6.758701,0.01639001748639719,0.011141351000712915,0.01586536461570235,0.02065375017472547,50.026792899408285,49.99999999999982,False,True,25.1389999999998,2.5940000000002073,0.05200000000016303,4.536499999999721,0.0749999999998252,16.644000000000545,0.4410000000003578,0.44450000000018086
