file,condId,startId,repetition,targetId,targetGroup,targetDist_m,spKey,dry,agentLabel,cmdScale,eeSource,maxDuration,scriptVersion,gitHash,gitDirty,stopReason,converged,nSteps,tEnd,d0List_m,d0_m,final_m,closest_m,success50,settle50_s,pathLen_m,pathEff,overshoot_m,effFactor,loopMedian_ms,kortexResidualRms_m,minHeight_m,anyCap,anySoftLimit,softLimitFrac,softLimitJoints,hwLimitJoints
S0_repro073/S0_repro073_S00_r01_20260926_151057.mat,S0_repro073,S00,1,N00,nominal,0.0,S00,False,PPO set-point 10 Hz (fixed base),0.5,kortex,60.0,V2.4-SP,c1e1330,False,converged,True,216,21.612177,0.2036040042059805,0.17288979918226743,0.0167442886905661,0.0167442886905661,True,8.111972,0.2199819198015419,0.7859273132002897,0.0,0.5,99.9990000000004,0.007844858876908766,0.31739525891312315,False,True,0.5370370370370371,J4 J6,J4
S10_nom/S10_nom_S00_r01_20260926_151501.mat,S10_nom,S00,1,N00,nominal,0.0,S00,False,PPO set-point 10 Hz (fixed base),1.0,fk,25.0,V2.4-SP,c1e1330,True,timeout,False,251,24.99969,0.2036040042059805,0.2037064976880312,0.022602591735710807,0.022602591735710807,True,2.599702,0.283674469756698,0.7180995098457265,0.0,1.0,100.00249999999966,0.005922073344024942,0.43357265771978104,False,True,0.5737051792828686,J6,
S10_nom/S10_nom_S00_r02_20260926_153433.mat,S10_nom,S00,2,N00,nominal,0.0,S00,False,PPO set-point 10 Hz (fixed base),1.0,fk,25.0,V2.4-SP,c1e1330,True,timeout,False,250,24.900331,0.2036040042059805,0.20370887327046575,0.022682681159945643,0.022682681159945643,True,2.600173,0.2828670260438196,0.7201577225862612,0.0,1.0,100.0059999999996,0.005924229755213076,0.43356859462188546,False,True,0.572,J6,
S10_nom/S10_nom_S01_r01_20260926_151350.mat,S10_nom,S01,1,N00,nominal,0.0,S01,False,PPO set-point 10 Hz (fixed base),1.0,fk,25.0,V2.4-SP,c1e1330,True,converged,True,45,4.400462,0.11504606619550549,0.1150953888252089,0.014818625443562706,0.014818625443562706,True,2.1001689999999997,0.11763268596555958,0.9784303391568092,0.0,1.0,100.0080000000001,0.006301874524703758,0.49047803809084656,False,False,0.0,,
S10_nom/S10_nom_S01_r02_20260926_153355.mat,S10_nom,S01,2,N00,nominal,0.0,S01,False,PPO set-point 10 Hz (fixed base),1.0,fk,25.0,V2.4-SP,c1e1330,True,converged,True,44,4.300562,0.11504606619550549,0.11509565280903433,0.015325878483606363,0.015325878483606363,True,2.100578,0.11648810121590808,0.9880464322764358,0.0,1.0,99.99199999999986,0.006314225961741019,0.490478030353943,False,False,0.0,,
S10_nom/S10_nom_S02_r01_20260926_151312.mat,S10_nom,S02,1,N00,nominal,0.0,S02,False,PPO set-point 10 Hz (fixed base),1.0,fk,25.0,V2.4-SP,c1e1330,True,converged,True,32,3.125861,0.10212585706825815,0.1020968113645894,0.012595190039856003,0.012595190039856003,True,1.5251000000000001,0.09369889989966926,1.0,0.0,1.0,100.00699999999996,0.006034897031440347,0.5610776986785522,False,False,0.0,,
S10_nom/S10_nom_S02_r02_20260926_153337.mat,S10_nom,S02,2,N00,nominal,0.0,S02,False,PPO set-point 10 Hz (fixed base),1.0,fk,25.0,V2.4-SP,c1e1330,True,converged,True,33,3.200307,0.10212585706825815,0.10209615658415579,0.011395773406289599,0.011395773406289599,True,1.5001689999999999,0.09513386738779503,1.0,0.0,1.0,100.03849999999991,0.00602517063117257,0.5606314843985969,False,False,0.0,,
S10_nom/S10_nom_S03_r01_20260926_151418.mat,S10_nom,S03,1,N00,nominal,0.0,S03,False,PPO set-point 10 Hz (fixed base),1.0,fk,25.0,V2.4-SP,c1e1330,True,converged,True,43,4.200428,0.1919869719658556,0.19208596016965948,0.014365269338392491,0.014365269338392491,True,2.400159,0.20589756393372033,0.9329200234321039,0.0,1.0,99.9994999999998,0.005980308787572411,0.4761500492603117,False,False,0.0,,
S10_nom/S10_nom_S03_r02_20260926_153321.mat,S10_nom,S03,2,N00,nominal,0.0,S03,False,PPO set-point 10 Hz (fixed base),1.0,fk,25.0,V2.4-SP,c1e1330,True,converged,True,42,4.100485,0.1919869719658556,0.19208672898220702,0.0150413660427794,0.0150413660427794,True,2.300211,0.20364411712619987,0.9432471298111172,0.0,1.0,100.0230000000002,0.005990450449179371,0.4761506737466583,False,False,0.0,,
S10_nom/S10_nom_S04_r01_20260926_151559.mat,S10_nom,S04,1,N00,nominal,0.0,S04,False,PPO set-point 10 Hz (fixed base),1.0,fk,25.0,V2.4-SP,c1e1330,True,timeout,False,250,24.900332,0.22336999156714926,0.22345041511545685,0.0219788847268032,0.020237876755739414,True,3.300227,0.31368296209338686,0.7123447624449976,0.0,1.0,100.00099999999978,0.005819107380873947,0.4858952438376847,False,True,0.56,J6,
S10_nom/S10_nom_S04_r02_20260926_153254.mat,S10_nom,S04,2,N00,nominal,0.0,S04,False,PPO set-point 10 Hz (fixed base),1.0,fk,25.0,V2.4-SP,c1e1330,True,timeout,False,250,24.900325,0.22336999156714926,0.22345305491951217,0.022071437687099432,0.020594118939373362,True,3.300164,0.31315796567093873,0.7135474087039925,0.0,1.0,99.9990000000004,0.00582233589847255,0.48589525001333655,False,True,0.56,J6,
S10_nom/S10_nom_S05_r01_20260926_151652.mat,S10_nom,S05,1,N00,nominal,0.0,S05,False,PPO set-point 10 Hz (fixed base),1.0,fk,25.0,V2.4-SP,c1e1330,True,converged,True,47,4.600178,0.35296317462955124,0.3530803665315122,0.010595202914192045,0.010595202914192045,True,3.100191,0.38127675337435935,0.9260474534749242,0.0,1.0,99.99749999999996,0.0057387151889563,0.3062034942604991,False,False,0.0,,
S10_nom/S10_nom_S05_r02_20260926_153212.mat,S10_nom,S05,2,N00,nominal,0.0,S05,False,PPO set-point 10 Hz (fixed base),1.0,fk,25.0,V2.4-SP,c1e1330,True,converged,True,46,4.500415,0.35296317462955124,0.3530810287150493,0.011562206645325116,0.011562206645325116,True,3.000182,0.3801092369002054,0.9288935770002028,0.0,1.0,100.01300000000002,0.005725628215643244,0.3062040720690846,False,False,0.0,,
S10_nom/S10_nom_S06_r01_20260926_151714.mat,S10_nom,S06,1,N00,nominal,0.0,S06,False,PPO set-point 10 Hz (fixed base),1.0,fk,25.0,V2.4-SP,c1e1330,True,converged,True,75,7.400252,0.3400432964303045,0.34005531698325214,0.016697877506732493,0.016697877506732493,True,4.500517,0.3574383384654003,0.9513677756091327,0.0,1.0,99.99899999999995,0.005706046709431025,0.5536651943422339,False,False,0.0,,
S10_nom/S10_nom_S06_r02_20260926_153152.mat,S10_nom,S06,2,N00,nominal,0.0,S06,False,PPO set-point 10 Hz (fixed base),1.0,fk,25.0,V2.4-SP,c1e1330,True,converged,True,77,7.600171,0.3400432964303045,0.3400542154053577,0.016589747429059994,0.016589747429059994,True,4.400168,0.3591247568120187,0.946897168616411,0.0,1.0,99.99950000000047,0.0057147079941932835,0.5523117713089254,False,False,0.0,,
S10_nom/S10_nom_S07_r01_20260926_151736.mat,S10_nom,S07,1,N00,nominal,0.0,S07,False,PPO set-point 10 Hz (fixed base),1.0,fk,25.0,V2.4-SP,c1e1330,True,converged,True,52,5.100381,0.506776428895993,0.5068382252265529,0.00941776542324974,0.00941776542324974,True,3.600057,0.5847292318326108,0.8667913243161484,0.0,1.0,100.008,0.005658939421392142,0.3765843061373696,False,False,0.0,,
S10_nom/S10_nom_S07_r02_20260926_153127.mat,S10_nom,S07,2,N00,nominal,0.0,S07,False,PPO set-point 10 Hz (fixed base),1.0,fk,25.0,V2.4-SP,c1e1330,True,converged,True,54,5.300209,0.506776428895993,0.5068383970697712,0.00865271485520871,0.00865271485520871,True,3.6001499999999997,0.5890146364809982,0.8604852336061126,0.0,1.0,100.00199999999992,0.0056504299974029825,0.37658598454584513,False,False,0.0,,
S10_nom/S10_nom_S08_r01_20260926_151802.mat,S10_nom,S08,1,N00,nominal,0.0,S08,False,PPO set-point 10 Hz (fixed base),1.0,fk,25.0,V2.4-SP,c1e1330,True,converged,True,103,10.20016,0.47994291474335915,0.48001219481338225,0.013856206743224107,0.013856206743224107,True,4.000217999999999,0.5569477470420391,0.8618621717436453,0.0,1.0,100.0020000000008,0.005864468254149702,0.34916641305486307,False,True,0.33980582524271846,J6,
S10_nom/S10_nom_S08_r02_20260926_153059.mat,S10_nom,S08,2,N00,nominal,0.0,S08,False,PPO set-point 10 Hz (fixed base),1.0,fk,25.0,V2.4-SP,c1e1330,True,converged,True,104,10.30028,0.47994291474335915,0.4800235490567548,0.014034457052293356,0.014034457052293356,True,4.000178,0.5559252492098178,0.8634677948861861,0.0,1.0,99.99800000000025,0.00586277881882645,0.3491636125650741,False,True,0.34615384615384615,J6,
S10_nom/S10_nom_S09_r01_20260926_151828.mat,S10_nom,S09,1,N00,nominal,0.0,S09,False,PPO set-point 10 Hz (fixed base),1.0,fk,25.0,V2.4-SP,c1e1330,True,converged,True,100,9.900452,0.684972171734911,0.6850285661854038,0.015503787959199069,0.015503787959199069,True,6.200226,0.8159462996474119,0.8395510421230165,0.0,1.0,100.00200000000001,0.007548467935800127,0.15718875892085893,False,True,0.45,J6,
S10_nom/S10_nom_S09_r02_20260926_153022.mat,S10_nom,S09,2,N00,nominal,0.0,S09,False,PPO set-point 10 Hz (fixed base),1.0,fk,25.0,V2.4-SP,c1e1330,True,converged,True,102,10.100142,0.684972171734911,0.6850302184413758,0.014879845585337738,0.014879845585337738,True,6.200448000000001,0.8166757578890989,0.8388031747287398,0.0,1.0,100.00799999999987,0.007517619068881617,0.15719268346809612,False,True,0.46078431372549017,J6,
S10_nom/S10_nom_S10_r01_20260926_151854.mat,S10_nom,S10,1,N00,nominal,0.0,S10,False,PPO set-point 10 Hz (fixed base),1.0,fk,25.0,V2.4-SP,c1e1330,True,converged,True,49,4.800163,0.6825196632773128,0.6825654233323456,0.01411632916227633,0.013634257558919904,True,3.400229,0.7960908804803039,0.8573963602252733,0.0,1.0,99.99900000000028,0.005846374681656697,0.24482414226569982,False,False,0.0,,
S10_nom/S10_nom_S10_r02_20260926_152955.mat,S10_nom,S10,2,N00,nominal,0.0,S10,False,PPO set-point 10 Hz (fixed base),1.0,fk,25.0,V2.4-SP,c1e1330,True,converged,True,52,5.100221,0.6825196632773128,0.6825659839314228,0.016977547305001135,0.013274808563824098,True,3.4003870000000003,0.8019607984525516,0.851121383050754,0.0,1.0,99.99899999999995,0.005855372202092651,0.24482575004847207,False,False,0.0,,
S10_nom/S10_nom_S11_r01_20260926_151922.mat,S10_nom,S11,1,N00,nominal,0.0,S11,False,PPO set-point 10 Hz (fixed base),1.0,fk,25.0,V2.4-SP,c1e1330,True,converged,True,89,8.800392,0.8904519223429753,0.8905251576917914,0.00508470024652493,0.00508470024652493,True,7.3004750000000005,1.265973437719439,0.7034311551559953,0.0,1.0,100.01499999999996,0.006169125846143722,0.5629206833568488,False,False,0.0,,
S10_nom/S10_nom_S11_r02_20260926_152934.mat,S10_nom,S11,2,N00,nominal,0.0,S11,False,PPO set-point 10 Hz (fixed base),1.0,fk,25.0,V2.4-SP,c1e1330,True,converged,True,90,8.900247,0.8904519223429753,0.890524684117804,0.0048797594031886,0.0048797594031886,True,7.300242,1.26817778336557,0.702208078235272,0.0,1.0,99.99000000000002,0.006184701472770959,0.5617017805838336,False,False,0.0,,
S10_nom/S10_nom_S12_r01_20260926_152155.mat,S10_nom,S12,1,N00,nominal,0.0,S12,False,PPO set-point 10 Hz (fixed base),1.0,fk,25.0,V2.4-SP,c1e1330,True,converged,True,61,6.000176,0.9186994197755929,0.918792733118946,0.017412882526636798,0.017388138863205158,True,4.6001769999999995,1.1402236219631379,0.805800472311781,0.0,1.0,100.01700000000014,0.005551462853774508,0.2548479552647718,False,True,0.16393442622950818,J6,
S10_nom/S10_nom_S12_r02_20260926_152906.mat,S10_nom,S12,2,N00,nominal,0.0,S12,False,PPO set-point 10 Hz (fixed base),1.0,fk,25.0,V2.4-SP,c1e1330,True,converged,True,61,6.000169,0.9186994197755929,0.918793940671104,0.01744706563510457,0.01744706563510457,True,4.600210000000001,1.1401106267263452,0.8058813935532567,0.0,1.0,100.00199999999981,0.005545735187987362,0.2548475984836054,False,True,0.16393442622950818,J6,
S10_nom/S10_nom_S13_r01_20260926_152248.mat,S10_nom,S13,1,N00,nominal,0.0,S13,False,PPO set-point 10 Hz (fixed base),1.0,fk,25.0,V2.4-SP,c1e1330,True,converged,True,123,12.200165,1.1140442758340379,1.1141341401886473,0.018683200669601777,0.01862803712787176,True,9.800165,1.8203462759642377,0.6120451668452422,0.0,1.0,99.99999999999964,0.006648760988661329,0.5342154418964409,False,True,0.024390243902439025,J6,
S10_nom/S10_nom_S13_r02_20260926_152838.mat,S10_nom,S13,2,N00,nominal,0.0,S13,False,PPO set-point 10 Hz (fixed base),1.0,fk,25.0,V2.4-SP,c1e1330,True,converged,True,123,12.200302,1.1140442758340379,1.1141352258220918,0.019127201040338073,0.019095069429621362,True,9.800171,1.8206508880694634,0.6119433621914583,0.0,1.0,99.99799999999937,0.006670071813715853,0.534479034437934,False,True,0.024390243902439025,J6,
S10_nom/S10_nom_S14_r01_20260926_152316.mat,S10_nom,S14,1,N00,nominal,0.0,S14,False,PPO set-point 10 Hz (fixed base),1.0,fk,25.0,V2.4-SP,c1e1330,True,converged,True,62,6.100181,1.1014747673779932,1.101578089046992,0.00843758631003776,0.00843758631003776,True,4.50017,1.340500630038353,0.8217661852314644,0.0,1.0,100.00000000000009,0.004635293865265723,0.29131798359504035,False,True,0.43548387096774194,J6,
S10_nom/S10_nom_S14_r02_20260926_152758.mat,S10_nom,S14,2,N00,nominal,0.0,S14,False,PPO set-point 10 Hz (fixed base),1.0,fk,25.0,V2.4-SP,c1e1330,True,converged,True,62,6.100166,1.1014747673779932,1.1015722609882364,0.007734496130267523,0.007734496130267523,True,4.5001750000000005,1.3414681037943623,0.8211691786576386,0.0,1.0,100.01499999999996,0.00464770439986223,0.2913239018352177,False,True,0.43548387096774194,J6,
S20_targets/S20_targets_E01_S00_r01_20261003_141958.mat,S20_targets,S00,1,E01,edge,0.4,E01/S00,False,PPO set-point 10 Hz (fixed base),1.0,fk,25.0,V2.4-SP,123b595,False,timeout,False,250,24.900258,0.2036040042059805,0.44318226499994406,0.0672127475133298,0.0672127475133298,False,nan,0.5227462415095808,0.8477961768220986,0.0,1.0,100.00800000000254,0.010472155922887954,0.4335873216135505,False,True,0.588,J6,
S20_targets/S20_targets_E01_S00_r02_20261003_144945.mat,S20_targets,S00,2,E01,edge,0.4,E01/S00,False,PPO set-point 10 Hz (fixed base),1.0,fk,25.0,V2.4-SP,123b595,False,timeout,False,250,24.900177,0.2036040042059805,0.4432162291087114,0.0671810772407379,0.0671810772407379,False,nan,0.5222045031342555,0.848740725996312,0.0,1.0,99.99700000000189,0.010474278868823112,0.4335884682230208,False,True,0.588,J6,
S20_targets/S20_targets_E01_S06_r01_20261003_142035.mat,S20_targets,S06,1,E01,edge,0.4,E01/S06,False,PPO set-point 10 Hz (fixed base),1.0,fk,25.0,V2.4-SP,123b595,False,timeout,False,250,24.900274,0.3400432964303045,0.22135833539057426,0.06951295861018793,0.06458944967788258,False,nan,0.3076165942717995,0.7195916589434366,0.0,1.0,100.00499999999946,0.011359230816125785,0.45247168098372514,False,True,0.44,J6,
S20_targets/S20_targets_E01_S06_r02_20261003_144911.mat,S20_targets,S06,2,E01,edge,0.4,E01/S06,False,PPO set-point 10 Hz (fixed base),1.0,fk,25.0,V2.4-SP,123b595,False,timeout,False,250,24.900219,0.3400432964303045,0.22135840511398178,0.06948775809930394,0.06475123116727358,False,nan,0.31265113428269276,0.7080044843651008,0.0,1.0,100.00300000000007,0.011362217617950447,0.4526454615596759,False,True,0.444,J6,
S20_targets/S20_targets_E01_S07_r01_20261003_142123.mat,S20_targets,S07,1,E01,edge,0.4,E01/S07,False,PPO set-point 10 Hz (fixed base),1.0,fk,25.0,V2.4-SP,123b595,False,timeout,False,250,24.900374,0.506776428895993,0.8773503225450985,0.06785416474691552,0.06785416474691552,False,nan,1.0327919271343962,0.8494937842701881,0.0,1.0,99.99899999999951,0.010548410134023325,0.37658203655819045,False,True,0.552,J6,
S20_targets/S20_targets_E01_S07_r02_20261003_144832.mat,S20_targets,S07,2,E01,edge,0.4,E01/S07,False,PPO set-point 10 Hz (fixed base),1.0,fk,25.0,V2.4-SP,123b595,False,timeout,False,250,24.900311,0.506776428895993,0.8773516510799082,0.06784829577761056,0.06784829577761056,False,nan,1.0325184584108236,0.8497200645015716,0.0,1.0,100.00199999999992,0.010535474847333444,0.37658845801227314,False,True,0.552,J6,
S20_targets/S20_targets_E02_S00_r01_20261003_142336.mat,S20_targets,S00,1,E02,edge,0.4,E02/S00,False,PPO set-point 10 Hz (fixed base),1.0,fk,25.0,V2.4-SP,123b595,False,timeout,False,250,24.900519,0.2036040042059805,0.4545040582791382,0.08467790692455908,0.08410079979686728,False,nan,0.6534054726968203,0.6955926714284314,0.0,1.0,100.00399999999843,0.009919444708132172,0.4335929712333676,False,True,0.592,J3 J6,
S20_targets/S20_targets_E02_S00_r02_20261003_145019.mat,S20_targets,S00,2,E02,edge,0.4,E02/S00,False,PPO set-point 10 Hz (fixed base),1.0,fk,25.0,V2.4-SP,123b595,False,timeout,False,250,24.900236,0.2036040042059805,0.4544698841498359,0.08460703890871031,0.08346618534041873,False,nan,0.6549045417184641,0.6939482858941712,0.0,1.0,100.00199999999992,0.009922143787251134,0.4335883161568368,False,True,0.592,J3 J6,
S20_targets/S20_targets_E02_S06_r01_20261003_142201.mat,S20_targets,S06,1,E02,edge,0.4,E02/S06,False,PPO set-point 10 Hz (fixed base),1.0,fk,25.0,V2.4-SP,123b595,False,timeout,False,250,24.900385,0.3400432964303045,0.7087134513492149,0.12955252590205615,0.0565618199287588,False,nan,0.8976876872078497,0.7894877711351744,0.0,1.0,100.00599999999993,0.008476481236338344,0.5461011526803514,False,True,0.452,J3 J6,
S20_targets/S20_targets_E02_S06_r02_20261003_145143.mat,S20_targets,S06,2,E02,edge,0.4,E02/S06,False,PPO set-point 10 Hz (fixed base),1.0,fk,25.0,V2.4-SP,123b595,False,timeout,False,250,24.900176,0.3400432964303045,0.7087139833013186,0.13081937190008708,0.05630484144434918,False,nan,0.8979484080495858,0.7892591344314546,0.0,1.0,99.99799999999937,0.008464366035044132,0.5454468213218973,False,True,0.452,J3 J6,
S20_targets/S20_targets_E02_S07_r01_20261003_142248.mat,S20_targets,S07,1,E02,edge,0.4,E02/S07,False,PPO set-point 10 Hz (fixed base),1.0,fk,25.0,V2.4-SP,123b595,False,timeout,False,250,24.900263,0.506776428895993,0.25303270103605746,0.10924921125764936,0.05184437113535235,False,nan,0.5017085872554143,0.5043419775217866,0.0,1.0,100.00300000000001,0.008665313662938549,0.3765847461969819,False,True,0.508,J3 J6,
S20_targets/S20_targets_E02_S07_r02_20261003_145100.mat,S20_targets,S07,2,E02,edge,0.4,E02/S07,False,PPO set-point 10 Hz (fixed base),1.0,fk,25.0,V2.4-SP,123b595,False,timeout,False,250,24.900167,0.506776428895993,0.25303241086804684,0.10965106882020699,0.05113210284332341,False,nan,0.4996095100559117,0.5064603570891391,0.0,1.0,99.99700000000011,0.008658147522237931,0.3765850443756158,False,True,0.508,J3 J6,
S20_targets/S20_targets_E03_S00_r01_20261003_142553.mat,S20_targets,S00,1,E03,edge,0.4,E03/S00,False,PPO set-point 10 Hz (fixed base),1.0,fk,25.0,V2.4-SP,123b595,False,timeout,False,250,24.900171,0.2036040042059805,0.31568466568115905,0.10423374816203683,0.06152447821353787,False,nan,0.4076048306437793,0.7744870569432661,0.0,1.0,99.99300000000045,0.005440281665598107,0.2343163776958357,False,True,0.58,J6,
S20_targets/S20_targets_E03_S00_r02_20261003_145258.mat,S20_targets,S00,2,E03,edge,0.4,E03/S00,False,PPO set-point 10 Hz (fixed base),1.0,fk,25.0,V2.4-SP,123b595,False,timeout,False,250,24.900279,0.2036040042059805,0.3156844396329612,0.10424766850250822,0.060883719442047214,False,nan,0.40675453617689705,0.776105517101524,0.0,1.0,99.99799999999937,0.005442821907538765,0.23443082528068504,False,True,0.58,J6,
S20_targets/S20_targets_E03_S06_r01_20261003_142633.mat,S20_targets,S06,1,E03,edge,0.4,E03/S06,False,PPO set-point 10 Hz (fixed base),1.0,fk,25.0,V2.4-SP,123b595,False,timeout,False,250,24.900247,0.3400432964303045,0.6017455378462282,0.09975920946525108,0.05317430204090818,False,nan,0.7244783317275268,0.8305914911372975,0.0,1.0,100.00000000000142,0.0049868854596487105,0.2572072760040406,False,True,0.508,J6,
S20_targets/S20_targets_E03_S06_r02_20261003_145224.mat,S20_targets,S06,2,E03,edge,0.4,E03/S06,False,PPO set-point 10 Hz (fixed base),1.0,fk,25.0,V2.4-SP,123b595,False,timeout,False,250,24.900196,0.3400432964303045,0.6017432842627454,0.09974164125499718,0.05284317609290414,False,nan,0.7251945954676865,0.829768020919508,0.0,1.0,99.9990000000004,0.004980037820832836,0.25646832248942664,False,True,0.504,J6,
S20_targets/S20_targets_E03_S07_r01_20261003_142423.mat,S20_targets,S07,1,E03,edge,0.4,E03/S07,False,PPO set-point 10 Hz (fixed base),1.0,fk,25.0,V2.4-SP,123b595,False,timeout,False,250,24.900428,0.506776428895993,0.5834603543940117,0.10402622747829757,0.055111099951830535,False,nan,0.7231139907435579,0.806871892762102,0.0,1.0,100.00900000000001,0.005191027442388592,0.2341102392490083,False,True,0.584,J6,
S20_targets/S20_targets_E03_S07_r02_20261003_145337.mat,S20_targets,S07,2,E03,edge,0.4,E03/S07,False,PPO set-point 10 Hz (fixed base),1.0,fk,25.0,V2.4-SP,123b595,False,timeout,False,250,24.900348,0.506776428895993,0.5834607120891678,0.10414745318026358,0.055610696775703634,False,nan,0.7214020948776239,0.8087871053218165,0.0,1.0,100.00499999999946,0.0051780546308431655,0.23478816141187253,False,True,0.584,J6,
S20_targets/S20_targets_T01_S00_r01_20261003_140554.mat,S20_targets,S00,1,T01,plugin,0.15,T01/S00,False,PPO set-point 10 Hz (fixed base),1.0,fk,25.0,V2.4-SP,123b595,False,timeout,False,250,24.94761,0.2036040042059805,0.24917954428781908,0.026260715029717316,0.026260715029717316,True,3.347128,0.32266698540882455,0.7722498909273422,0.0,1.0,100.00300000000095,0.007061888732361342,0.43359799391392273,False,True,0.564,J6,
S20_targets/S20_targets_T01_S00_r02_20261003_144110.mat,S20_targets,S00,2,T01,plugin,0.15,T01/S00,False,PPO set-point 10 Hz (fixed base),1.0,fk,25.0,V2.4-SP,123b595,False,timeout,False,250,24.900315,0.2036040042059805,0.24919122557325343,0.025892981271840053,0.025892981271840053,True,3.300207,0.322871795696865,0.7717962017568479,0.0,1.0,99.99999999999964,0.007065448182042539,0.4335699819293246,False,True,0.564,J6,
S20_targets/S20_targets_T01_S06_r01_20261003_140647.mat,S20_targets,S06,1,T01,plugin,0.15,T01/S06,False,PPO set-point 10 Hz (fixed base),1.0,fk,25.0,V2.4-SP,123b595,False,timeout,False,250,24.900383,0.3400432964303045,0.2305395998305748,0.03127517252667216,0.020105746355595283,True,3.600097,0.3099419469453838,0.743815421251126,0.005309321468818608,1.0,100.00300000000095,0.006948099289906617,0.4766168591547669,False,True,0.404,J6,
S20_targets/S20_targets_T01_S06_r02_20261003_144024.mat,S20_targets,S06,2,T01,plugin,0.15,T01/S06,False,PPO set-point 10 Hz (fixed base),1.0,fk,25.0,V2.4-SP,123b595,False,converged,True,74,7.300097,0.3400432964303045,0.23054112910720406,0.019639986739619867,0.019392480304860585,True,3.6002490000000003,0.23642781929318882,0.9751015332984787,0.0,1.0,99.99700000000011,0.005913903804922198,0.5544144894417029,False,False,0.0,,
S20_targets/S20_targets_T01_S07_r01_20261003_140735.mat,S20_targets,S07,1,T01,plugin,0.15,T01/S07,False,PPO set-point 10 Hz (fixed base),1.0,fk,25.0,V2.4-SP,123b595,False,timeout,False,250,24.900384,0.506776428895993,0.6416437272330177,0.029141312221356196,0.020088455446850412,True,3.900119,0.7947406597471441,0.807362401009109,0.0053152469781476905,1.0,99.99899999999995,0.0069970696682074745,0.37658549210797043,False,True,0.504,J6,
S20_targets/S20_targets_T01_S07_r02_20261003_143948.mat,S20_targets,S07,2,T01,plugin,0.15,T01/S07,False,PPO set-point 10 Hz (fixed base),1.0,fk,25.0,V2.4-SP,123b595,False,timeout,False,250,24.900355,0.506776428895993,0.6416447457955128,0.02845174111565715,0.020293516655139378,True,3.900165,0.7955750721504259,0.8065169061433234,0.0053681527144582505,1.0,99.99700000000011,0.007006209434908373,0.37658647434357184,False,True,0.508,J6,
S20_targets/S20_targets_T02_S00_r01_20261003_141037.mat,S20_targets,S00,1,T02,plugin,0.15,T02/S00,False,PPO set-point 10 Hz (fixed base),1.0,fk,25.0,V2.4-SP,123b595,False,timeout,False,250,24.90016,0.2036040042059805,0.256715227020493,0.0213971114232076,0.0213971114232076,True,3.400323,0.33253787083921693,0.7719879434261957,0.0,1.0,99.99999999999964,0.005712802940611091,0.4335718047831324,False,True,0.576,J6,
S20_targets/S20_targets_T02_S00_r02_20261003_144143.mat,S20_targets,S00,2,T02,plugin,0.15,T02/S00,False,PPO set-point 10 Hz (fixed base),1.0,fk,25.0,V2.4-SP,123b595,False,timeout,False,250,24.900167,0.2036040042059805,0.2566958399172183,0.021635976356597537,0.021635976356597537,True,3.400238,0.33367329653018973,0.7693029157159217,0.0,1.0,100.00099999999978,0.00571359950020836,0.43358767241979457,False,True,0.572,J6,
S20_targets/S20_targets_T02_S06_r01_20261003_140756.mat,S20_targets,S06,1,T02,plugin,0.15,T02/S06,False,PPO set-point 10 Hz (fixed base),1.0,fk,25.0,V2.4-SP,123b595,False,converged,True,78,7.700278,0.3400432964303045,0.47236203794510623,0.016668470017047167,0.016668470017047167,True,4.79997,0.49259113512726077,0.9589332902287647,0.0,1.0,100.00099999999978,0.005698261832673837,0.551711430065881,False,False,0.0,,
S20_targets/S20_targets_T02_S06_r02_20261003_144219.mat,S20_targets,S06,2,T02,plugin,0.15,T02/S06,False,PPO set-point 10 Hz (fixed base),1.0,fk,25.0,V2.4-SP,123b595,False,converged,True,78,7.700601,0.3400432964303045,0.47236590126423594,0.01727855533336581,0.01727855533336581,True,4.9002229999999996,0.4931108200575743,0.9579305138935783,0.0,1.0,99.99999999999964,0.0057040093023233394,0.5528615719086789,False,False,0.0,,
S20_targets/S20_targets_T02_S07_r01_20261003_140823.mat,S20_targets,S07,1,T02,plugin,0.15,T02/S07,False,PPO set-point 10 Hz (fixed base),1.0,fk,25.0,V2.4-SP,123b595,False,converged,True,58,5.700167,0.506776428895993,0.38348473556395213,0.01648278422232083,0.01648278422232083,True,3.3001620000000003,0.4683179663508459,0.818855485199686,0.0,1.0,100.00600000000048,0.005497046868375228,0.376588593330312,False,False,0.0,,
S20_targets/S20_targets_T02_S07_r02_20261003_144201.mat,S20_targets,S07,2,T02,plugin,0.15,T02/S07,False,PPO set-point 10 Hz (fixed base),1.0,fk,25.0,V2.4-SP,123b595,False,converged,True,57,5.600628,0.506776428895993,0.38348601215889183,0.01554603298301939,0.01554603298301939,True,3.300138,0.4674575075331762,0.8203655005619419,0.0,1.0,99.98799999999974,0.005497819187070411,0.37658864161433725,False,False,0.0,,
S20_targets/S20_targets_T03_S00_r01_20261003_141112.mat,S20_targets,S00,1,T03,plugin,0.15,T03/S00,False,PPO set-point 10 Hz (fixed base),1.0,fk,25.0,V2.4-SP,123b595,False,converged,True,24,2.300172,0.2036040042059805,0.057286929200071335,0.012674248454576145,0.012674248454576145,True,0.600146,0.05203601283810152,1.0,0.0,1.0,100.01000000000005,0.0069972856018840285,0.4335906288464252,False,False,0.0,,
S20_targets/S20_targets_T03_S00_r02_20261003_144256.mat,S20_targets,S00,2,T03,plugin,0.15,T03/S00,False,PPO set-point 10 Hz (fixed base),1.0,fk,25.0,V2.4-SP,123b595,False,converged,True,25,2.400196,0.2036040042059805,0.05728996438458097,0.01146697145112501,0.01146697145112501,True,0.600441,0.054251215558934356,1.0,0.0,1.0,100.00349999999992,0.006981805553910599,0.4335856978480064,False,False,0.0,,
S20_targets/S20_targets_T03_S06_r01_20261003_141129.mat,S20_targets,S06,1,T03,plugin,0.15,T03/S06,False,PPO set-point 10 Hz (fixed base),1.0,fk,25.0,V2.4-SP,123b595,False,converged,True,83,8.200172,0.3400432964303045,0.35833418652272303,0.018368125949479543,0.018368125949479543,True,5.200171,0.3972785533762024,0.9019721388871424,0.0,1.0,100.00150000000014,0.006318193114448021,0.4500133212200459,False,False,0.0,,
S20_targets/S20_targets_T03_S06_r02_20261003_144246.mat,S20_targets,S06,2,T03,plugin,0.15,T03/S06,False,PPO set-point 10 Hz (fixed base),1.0,fk,25.0,V2.4-SP,123b595,False,converged,True,85,8.400164,0.3400432964303045,0.35834074609190014,0.01873481896284065,0.018676582266618513,True,5.200158,0.3984551287983217,0.8993252193103896,0.0,1.0,99.99949999999997,0.006327438459771269,0.44825222077915905,False,False,0.0,,
S20_targets/S20_targets_T03_S07_r01_20261003_141102.mat,S20_targets,S07,1,T03,plugin,0.15,T03/S07,False,PPO set-point 10 Hz (fixed base),1.0,fk,25.0,V2.4-SP,123b595,False,converged,True,64,6.300289,0.506776428895993,0.4584529920442259,0.016143279923824597,0.016143279923824597,True,4.400226,0.5851100227344691,0.7835329668455844,0.0,1.0,99.99700000000011,0.005975880045223221,0.37658702629593666,False,False,0.0,,
S20_targets/S20_targets_T03_S07_r02_20261003_144312.mat,S20_targets,S07,2,T03,plugin,0.15,T03/S07,False,PPO set-point 10 Hz (fixed base),1.0,fk,25.0,V2.4-SP,123b595,False,converged,True,65,6.400278,0.506776428895993,0.45845309522153405,0.015885566897280604,0.015885566897280604,True,4.400152,0.5873116516223011,0.7805959475776998,0.0,1.0,99.98899999999978,0.005983150234798035,0.376586796768149,False,False,0.0,,
S20_targets/S20_targets_T04_S00_r01_20261003_141206.mat,S20_targets,S00,1,T04,plugin,0.25,T04/S00,False,PPO set-point 10 Hz (fixed base),1.0,fk,25.0,V2.4-SP,123b595,False,timeout,False,250,24.900267,0.2036040042059805,0.339359640997405,0.12943618212527883,0.08196155832761401,False,nan,0.3668523040557893,0.9250579517848597,0.0,1.0,99.99399999999969,0.004063238391794549,0.43358536292023386,False,True,0.544,J6,
S20_targets/S20_targets_T04_S00_r02_20261003_144502.mat,S20_targets,S00,2,T04,plugin,0.25,T04/S00,False,PPO set-point 10 Hz (fixed base),1.0,fk,25.0,V2.4-SP,123b595,False,timeout,False,250,24.900194,0.2036040042059805,0.33935945524656747,0.12936108029062682,0.0819925091183185,False,nan,0.36627461177459647,0.9265164560611358,0.0,1.0,100.00299999999918,0.0040700813256609744,0.4335878992993648,False,True,0.544,J6,
S20_targets/S20_targets_T04_S06_r01_20261003_141250.mat,S20_targets,S06,1,T04,plugin,0.25,T04/S06,False,PPO set-point 10 Hz (fixed base),1.0,fk,25.0,V2.4-SP,123b595,False,timeout,False,250,24.900169,0.3400432964303045,0.5203622072927595,0.13053636472286237,0.06419005588113016,False,nan,0.5793080515927292,0.8982478421663463,0.0,1.0,100.0040000000002,0.003991519394746647,0.5170512158397216,False,True,0.44,J6,
S20_targets/S20_targets_T04_S06_r02_20261003_144426.mat,S20_targets,S06,2,T04,plugin,0.25,T04/S06,False,PPO set-point 10 Hz (fixed base),1.0,fk,25.0,V2.4-SP,123b595,False,timeout,False,250,24.900145,0.3400432964303045,0.520361399045101,0.13070502788218077,0.06407044077311598,False,nan,0.5803382620942962,0.8966518891365984,0.0,1.0,100.00699999999796,0.003996833133080037,0.5168376987497743,False,True,0.44,J6,
S20_targets/S20_targets_T04_S07_r01_20261003_141359.mat,S20_targets,S07,1,T04,plugin,0.25,T04/S07,False,PPO set-point 10 Hz (fixed base),1.0,fk,25.0,V2.4-SP,123b595,False,timeout,False,250,24.900589,0.506776428895993,0.6059211666731746,0.13007018044725985,0.0768969340235326,False,nan,0.6715759795941477,0.9022376992091794,0.0,1.0,99.99100000000016,0.0036770258896972464,0.3765857603038456,False,True,0.496,J6,
S20_targets/S20_targets_T04_S07_r02_20261003_144348.mat,S20_targets,S07,2,T04,plugin,0.25,T04/S07,False,PPO set-point 10 Hz (fixed base),1.0,fk,25.0,V2.4-SP,123b595,False,timeout,False,250,24.900156,0.506776428895993,0.6059246995330612,0.13006922669939994,0.07694582998058959,False,nan,0.6707370603165055,0.9033714332813803,0.0,1.0,99.99700000000189,0.0036752435370119236,0.3765875968368272,False,True,0.496,J6,
S20_targets/S20_targets_T05_S00_r01_20261003_141555.mat,S20_targets,S00,1,T05,plugin,0.25,T05/S00,False,PPO set-point 10 Hz (fixed base),1.0,fk,25.0,V2.4-SP,123b595,False,converged,True,65,6.400235,0.2036040042059805,0.30467299853007607,0.015032034880680278,0.015032034880680278,True,4.400156,0.3270840408293234,0.9314823118779381,0.0,1.0,99.9874999999999,0.0072871489408869615,0.4335898436913692,False,False,0.0,,
S20_targets/S20_targets_T05_S00_r02_20261003_144519.mat,S20_targets,S00,2,T05,plugin,0.25,T05/S00,False,PPO set-point 10 Hz (fixed base),1.0,fk,25.0,V2.4-SP,123b595,False,converged,True,65,6.400185,0.2036040042059805,0.30466109829378324,0.014943697272468914,0.014943697272468914,True,4.400442,0.3267149049810829,0.9324983147353605,0.0,1.0,99.99849999999944,0.007288650254338922,0.43358896172640427,False,False,0.0,,
S20_targets/S20_targets_T05_S06_r01_20261003_141519.mat,S20_targets,S06,1,T05,plugin,0.25,T05/S06,False,PPO set-point 10 Hz (fixed base),1.0,fk,25.0,V2.4-SP,123b595,False,converged,True,88,8.700186,0.3400432964303045,0.2924015567198453,0.011008534511551543,0.011008534511551543,True,6.400474,0.35686335785765344,0.8193655926885023,0.0,1.0,99.99899999999995,0.006958015674212397,0.49972141528070857,False,False,0.0,,
S20_targets/S20_targets_T05_S06_r02_20261003_144556.mat,S20_targets,S06,2,T05,plugin,0.25,T05/S06,False,PPO set-point 10 Hz (fixed base),1.0,fk,25.0,V2.4-SP,123b595,False,converged,True,88,8.700485,0.3400432964303045,0.2924016861273544,0.012241247625694921,0.012241247625694921,True,6.400489,0.3558308809596239,0.8217434229957494,0.0,1.0,100.00500000000034,0.006958422963237047,0.49923037926317515,False,False,0.0,,
S20_targets/S20_targets_T05_S07_r01_20261003_141537.mat,S20_targets,S07,1,T05,plugin,0.25,T05/S07,False,PPO set-point 10 Hz (fixed base),1.0,fk,25.0,V2.4-SP,123b595,False,converged,True,75,7.400606,0.506776428895993,0.5211746779181214,0.013706617203781891,0.013706617203781891,True,5.70046,0.7433525927580386,0.701113688168387,0.0,1.0,99.9885,0.006930703794571707,0.376586299659703,False,False,0.0,,
S20_targets/S20_targets_T05_S07_r02_20261003_144537.mat,S20_targets,S07,2,T05,plugin,0.25,T05/S07,False,PPO set-point 10 Hz (fixed base),1.0,fk,25.0,V2.4-SP,123b595,False,converged,True,76,7.500176,0.506776428895993,0.5211757451600233,0.012859242201014651,0.012859242201014651,True,5.800205999999999,0.7446886800964645,0.6998572142824998,0.0,1.0,100.00299999999918,0.0069388634340068235,0.37658637680523177,False,False,0.0,,
S20_targets/S20_targets_T06_S00_r01_20261003_141731.mat,S20_targets,S00,1,T06,plugin,0.25,T06/S00,False,PPO set-point 10 Hz (fixed base),1.0,fk,25.0,V2.4-SP,123b595,False,timeout,False,250,24.900612,0.2036040042059805,0.45296229222413276,0.10843119567284405,0.09545007604910216,False,nan,0.5387233392375135,0.8408068840403994,0.0,1.0,100.00100000000245,0.00464173351789905,0.4335891678178545,False,True,0.62,J6,
S20_targets/S20_targets_T06_S00_r02_20261003_144707.mat,S20_targets,S00,2,T06,plugin,0.25,T06/S00,False,PPO set-point 10 Hz (fixed base),1.0,fk,25.0,V2.4-SP,123b595,False,timeout,False,250,24.900463,0.2036040042059805,0.45296552523382105,0.10832825676733647,0.09560502561368879,False,nan,0.5408914146728436,0.8374426233180199,0.0,1.0,99.9990000000004,0.00463778882567495,0.4335839158035012,False,True,0.62,J6,
S20_targets/S20_targets_T06_S06_r01_20261003_141809.mat,S20_targets,S06,1,T06,plugin,0.25,T06/S06,False,PPO set-point 10 Hz (fixed base),1.0,fk,25.0,V2.4-SP,123b595,False,timeout,False,250,24.900201,0.3400432964303045,0.44085738895470045,0.10921577973824975,0.052879713363911625,False,nan,0.5050918880425702,0.8728261122212758,0.0,1.0,100.0029999999974,0.004370048859786534,0.5798685422043788,False,True,0.356,J6,
S20_targets/S20_targets_T06_S06_r02_20261003_144631.mat,S20_targets,S06,2,T06,plugin,0.25,T06/S06,False,PPO set-point 10 Hz (fixed base),1.0,fk,25.0,V2.4-SP,123b595,False,timeout,False,250,24.900215,0.3400432964303045,0.4408591019827151,0.10927168584112153,0.05355333664841387,False,nan,0.5039308635231656,0.8748404471607619,0.0,1.0,100.00300000000007,0.0043714045779326876,0.5798679388548653,False,True,0.356,J6,
S20_targets/S20_targets_T06_S07_r01_20261003_141630.mat,S20_targets,S07,1,T06,plugin,0.25,T06/S07,False,PPO set-point 10 Hz (fixed base),1.0,fk,25.0,V2.4-SP,123b595,False,timeout,False,250,24.900317,0.506776428895993,0.6593282777289478,0.10896561419217977,0.07500651375661818,False,nan,0.7673565833005681,0.8592202009827464,0.0,1.0,99.99700000000011,0.004413502295253322,0.37658727579113416,False,True,0.448,J6,
S20_targets/S20_targets_T06_S07_r02_20261003_144746.mat,S20_targets,S07,2,T06,plugin,0.25,T06/S07,False,PPO set-point 10 Hz (fixed base),1.0,fk,25.0,V2.4-SP,123b595,False,timeout,False,250,24.900322,0.506776428895993,0.6593364574153279,0.10895343914191948,0.07517040719900316,False,nan,0.76615675135501,0.8605764502489055,0.0,1.0,99.99799999999937,0.0044158900820553786,0.3765876146816146,False,True,0.452,J6,
S21_targets_all/S21_targets_all_T01_S00_r01_20261003_151634.mat,S21_targets_all,S00,1,T01,plugin,0.15,T01/S00,False,PPO set-point 10 Hz (fixed base),1.0,fk,25.0,V2.4-SP,123b595,False,timeout,False,250,24.900234,0.2036040042059805,0.24917931255289427,0.026186797016655498,0.026186797016655498,True,3.3001460000000002,0.32255171040429986,0.7725251626803109,0.0,1.0,100.00299999999918,0.00706107700106766,0.4335892588236656,False,True,0.564,J6,
S21_targets_all/S21_targets_all_T01_S01_r01_20261003_151455.mat,S21_targets_all,S01,1,T01,plugin,0.15,T01/S01,False,PPO set-point 10 Hz (fixed base),1.0,fk,25.0,V2.4-SP,123b595,False,timeout,False,250,24.900173,0.11504606619550549,0.18759648544680008,0.029065243073364253,0.025760197788691454,True,3.000185,0.2605483067712746,0.7200065422473992,0.00401107251669857,1.0,99.99999999999964,0.006985665307598796,0.47556935807515155,False,True,0.492,J6,
S21_targets_all/S21_targets_all_T01_S02_r01_20261003_151525.mat,S21_targets_all,S02,1,T01,plugin,0.15,T01/S02,False,PPO set-point 10 Hz (fixed base),1.0,fk,25.0,V2.4-SP,123b595,False,converged,True,58,5.700118,0.10212585706825815,0.22478812081178517,0.01978984748064855,0.01978984748064855,True,2.700075,0.21628844438458422,1.0,0.0,1.0,99.99599999999998,0.005840359708867824,0.5549681311936747,False,False,0.0,,
S21_targets_all/S21_targets_all_T01_S03_r01_20261003_151651.mat,S21_targets_all,S03,1,T01,plugin,0.15,T01/S03,False,PPO set-point 10 Hz (fixed base),1.0,fk,25.0,V2.4-SP,123b595,False,converged,True,47,4.600131,0.1919869719658556,0.3023001542698021,0.013881210566833604,0.013881210566833604,True,2.80017,0.310311887805074,0.9741816738251917,0.0,1.0,100.00700000000003,0.006176765081416487,0.47615156040484785,False,False,0.0,,
S21_targets_all/S21_targets_all_T01_S04_r01_20261003_151420.mat,S21_targets_all,S04,1,T01,plugin,0.15,T01/S04,False,PPO set-point 10 Hz (fixed base),1.0,fk,25.0,V2.4-SP,123b595,False,converged,True,43,4.200491,0.22336999156714926,0.14924268265869728,0.015702621749506263,0.015702621749506263,True,2.2001440000000003,0.1564844708409803,0.953722001017966,0.0,1.0,100.00799999999987,0.0063884566450575,0.4858969900074308,False,False,0.0,,
S21_targets_all/S21_targets_all_T01_S05_r01_20261003_151752.mat,S21_targets_all,S05,1,T01,plugin,0.15,T01/S05,False,PPO set-point 10 Hz (fixed base),1.0,fk,25.0,V2.4-SP,123b595,False,timeout,False,250,24.900259,0.35296317462955124,0.44911844369519993,0.028447314844563226,0.02565931312045419,True,3.300262,0.5494251904776546,0.8174332947944181,0.005678304778214793,1.0,99.99599999999998,0.007025071855650043,0.30620479842616,False,True,0.516,J6,
S21_targets_all/S21_targets_all_T01_S06_r01_20261003_151600.mat,S21_targets_all,S06,1,T01,plugin,0.15,T01/S06,False,PPO set-point 10 Hz (fixed base),1.0,fk,25.0,V2.4-SP,123b595,False,timeout,False,250,24.900105,0.3400432964303045,0.2305401631514129,0.031002198246506192,0.020990405200150643,True,3.500177,0.30901754969130374,0.746042298832909,0.00543942019284923,1.0,100.00699999999973,0.006953586379897561,0.47660433905152233,False,True,0.404,J6,
S21_targets_all/S21_targets_all_T01_S07_r01_20261003_151850.mat,S21_targets_all,S07,1,T01,plugin,0.15,T01/S07,False,PPO set-point 10 Hz (fixed base),1.0,fk,25.0,V2.4-SP,123b595,False,timeout,False,250,24.900175,0.506776428895993,0.6416441085529438,0.028569130915253274,0.019338730711858508,True,3.800199,0.7949672909236616,0.8071327158724058,0.0055564199134309974,1.0,100.00000000000003,0.0070079383464267545,0.3765868314829033,False,True,0.508,J6,
S21_targets_all/S21_targets_all_T01_S08_r01_20261003_151716.mat,S21_targets_all,S08,1,T01,plugin,0.15,T01/S08,False,PPO set-point 10 Hz (fixed base),1.0,fk,25.0,V2.4-SP,123b595,False,converged,True,123,12.200162,0.47994291474335915,0.3744837287876944,0.017913807238554357,0.017913807238554357,True,3.600297,0.4376647498621127,0.8556405991245043,0.0,1.0,99.99599999999998,0.006045456114467638,0.3491658806980922,False,True,0.4146341463414634,J6,
S21_targets_all/S21_targets_all_T01_S09_r01_20261003_151815.mat,S21_targets_all,S09,1,T01,plugin,0.15,T01/S09,False,PPO set-point 10 Hz (fixed base),1.0,fk,25.0,V2.4-SP,123b595,False,converged,True,112,11.100164,0.684972171734911,0.5976222773469819,0.016817995543908393,0.016817995543908393,True,5.200304,0.6956168055431075,0.8591257033826035,0.0,1.0,100.0040000000002,0.008010790981332538,0.15719072402411094,False,True,0.4375,J6,
S21_targets_all/S21_targets_all_T01_S10_r01_20261003_151928.mat,S21_targets_all,S10,1,T01,plugin,0.15,T01/S10,False,PPO set-point 10 Hz (fixed base),1.0,fk,25.0,V2.4-SP,123b595,False,timeout,False,250,24.900145,0.6825196632773128,0.8020267716966134,0.025737516732012213,0.025737516732012213,True,4.200258,0.9977702323412218,0.8038191015327193,0.010283461596046171,1.0,99.99300000000133,0.007172285919505198,0.2448249999400175,False,True,0.68,J6,
S21_targets_all/S21_targets_all_T01_S11_r01_20261003_152005.mat,S21_targets_all,S11,1,T01,plugin,0.15,T01/S11,False,PPO set-point 10 Hz (fixed base),1.0,fk,25.0,V2.4-SP,123b595,False,timeout,False,250,24.900425,0.8904519223429753,0.9349630910564741,0.02720181183258711,0.011044526354858843,True,6.600169,1.391448005519054,0.6719353417073629,0.0,1.0,100.00599999999693,0.006702272815327723,0.4767051564160225,False,True,0.612,J6,
S21_targets_all/S21_targets_all_T01_S12_r01_20261003_152029.mat,S21_targets_all,S12,1,T01,plugin,0.15,T01/S12,False,PPO set-point 10 Hz (fixed base),1.0,fk,25.0,V2.4-SP,123b595,False,converged,True,101,10.000179,0.9186994197755929,1.0440107554327986,0.016406838115169863,0.016406838115169863,True,4.9001280000000005,1.2953438086210904,0.8059719346203237,0.0,1.0,99.99000000000002,0.005826976150989556,0.25484671650665225,False,True,0.504950495049505,J6,
S21_targets_all/S21_targets_all_T01_S13_r01_20261003_152054.mat,S21_targets_all,S13,1,T01,plugin,0.15,T01/S13,False,PPO set-point 10 Hz (fixed base),1.0,fk,25.0,V2.4-SP,123b595,False,converged,True,118,11.7002,1.1140442758340379,1.092176746056412,0.018813190144546216,0.01865375502163589,True,9.500127,1.7791114322232409,0.6138888921036212,0.0,1.0,100.00300000000007,0.00828903883447126,0.5202888490033744,False,False,0.0,,
S21_targets_all/S21_targets_all_T01_S14_r01_20261003_152117.mat,S21_targets_all,S14,1,T01,plugin,0.15,T01/S14,False,PPO set-point 10 Hz (fixed base),1.0,fk,25.0,V2.4-SP,123b595,False,converged,True,77,7.60016,1.1014747673779932,1.2192792067406713,0.017421387487514452,0.017421387487514452,True,5.500253,1.4999861298874029,0.812860320803231,0.0,1.0,100.00249999999977,0.00491052764200069,0.29131280918522207,False,True,0.5454545454545454,J6,
S21_targets_all/S21_targets_all_T02_S00_r01_20261003_152621.mat,S21_targets_all,S00,1,T02,plugin,0.15,T02/S00,False,PPO set-point 10 Hz (fixed base),1.0,fk,25.0,V2.4-SP,123b595,False,timeout,False,250,24.900212,0.2036040042059805,0.2567056692903469,0.021311153147783785,0.021311153147783785,True,3.500211,0.3329434537613208,0.7710188213352681,0.0,1.0,99.99999999999964,0.005711751608659866,0.4335878581992276,False,True,0.572,J6,
S21_targets_all/S21_targets_all_T02_S01_r01_20261003_152657.mat,S21_targets_all,S01,1,T02,plugin,0.15,T02/S01,False,PPO set-point 10 Hz (fixed base),1.0,fk,25.0,V2.4-SP,123b595,False,timeout,False,250,24.900181,0.11504606619550549,0.19052717520513876,0.02329402586574293,0.0201307890943673,True,3.1001589999999997,0.27134501420405144,0.702158378564724,0.0,1.0,100.00100000000245,0.005724132526362476,0.49044994871370395,False,True,0.512,J6,
S21_targets_all/S21_targets_all_T02_S02_r01_20261003_152754.mat,S21_targets_all,S02,1,T02,plugin,0.15,T02/S02,False,PPO set-point 10 Hz (fixed base),1.0,fk,25.0,V2.4-SP,123b595,False,converged,True,87,8.600167,0.10212585706825815,0.12376496764922304,0.018880593818309338,0.018880593818309338,True,2.200105,0.14125248454274225,0.8761967483253182,0.0,1.0,99.99300000000045,0.00588241044218712,0.5614454305181036,False,False,0.0,,
S21_targets_all/S21_targets_all_T02_S03_r01_20261003_152732.mat,S21_targets_all,S03,1,T02,plugin,0.15,T02/S03,False,PPO set-point 10 Hz (fixed base),1.0,fk,25.0,V2.4-SP,123b595,False,timeout,False,250,24.900143,0.1919869719658556,0.16555637943751375,0.02198215665500875,0.021767008714681388,True,2.600102,0.2670625731455134,0.6199160649414834,0.0,1.0,100.00000000000009,0.005596193626595249,0.47615088078634693,False,True,0.524,J6,
S21_targets_all/S21_targets_all_T02_S04_r01_20261003_152512.mat,S21_targets_all,S04,1,T02,plugin,0.15,T02/S04,False,PPO set-point 10 Hz (fixed base),1.0,fk,25.0,V2.4-SP,123b595,False,converged,True,178,17.700224,0.22336999156714926,0.3501249323304413,0.019540863947996954,0.019540863947996954,True,4.000102,0.42843264940375486,0.8172228069399156,0.0,1.0,99.99299999999955,0.005680011550691998,0.4856883389074297,False,True,0.38202247191011235,J6,
S21_targets_all/S21_targets_all_T02_S05_r01_20261003_152548.mat,S21_targets_all,S05,1,T02,plugin,0.15,T02/S05,False,PPO set-point 10 Hz (fixed base),1.0,fk,25.0,V2.4-SP,123b595,False,timeout,False,250,24.900306,0.35296317462955124,0.30434635646094904,0.023644825532213466,0.02225654396560526,True,3.100146,0.41846315853196175,0.7272954625889806,0.00016454647910899706,1.0,99.99700000000011,0.005609207305386269,0.30620137299970773,False,True,0.532,J6,
S21_targets_all/S21_targets_all_T02_S06_r01_20261003_152427.mat,S21_targets_all,S06,1,T02,plugin,0.15,T02/S06,False,PPO set-point 10 Hz (fixed base),1.0,fk,25.0,V2.4-SP,123b595,False,converged,True,80,7.900213,0.3400432964303045,0.47236322998563046,0.01697692106044538,0.01697692106044538,True,4.800252,0.49438850057973566,0.9554494682455646,0.0,1.0,99.99700000000011,0.00570770431937158,0.5517801802195244,False,False,0.0,,
S21_targets_all/S21_targets_all_T02_S07_r01_20261003_152443.mat,S21_targets_all,S07,1,T02,plugin,0.15,T02/S07,False,PPO set-point 10 Hz (fixed base),1.0,fk,25.0,V2.4-SP,123b595,False,converged,True,59,5.800379,0.506776428895993,0.38348591713369634,0.015206654451024674,0.015206654451024674,True,3.300415,0.4718071137575897,0.8128023210152953,0.0,1.0,100.01599999999988,0.005506177804347328,0.3765845920633205,False,False,0.0,,
S21_targets_all/S21_targets_all_T02_S08_r01_20261003_152350.mat,S21_targets_all,S08,1,T02,plugin,0.15,T02/S08,False,PPO set-point 10 Hz (fixed base),1.0,fk,25.0,V2.4-SP,123b595,False,converged,True,114,11.300297,0.47994291474335915,0.6046437756905138,0.014266658557396682,0.014266658557396682,True,8.000428,0.7048697128420177,0.8578092726563674,0.0,1.0,100.00099999999978,0.005971399120416246,0.3491660699666358,False,True,0.4298245614035088,J6,
S21_targets_all/S21_targets_all_T02_S09_r01_20261003_152321.mat,S21_targets_all,S09,1,T02,plugin,0.15,T02/S09,False,PPO set-point 10 Hz (fixed base),1.0,fk,25.0,V2.4-SP,123b595,False,converged,True,113,11.200295,0.684972171734911,0.7914417345644277,0.016309227724947185,0.016309227724947185,True,7.700169000000001,0.9627421448626143,0.8220703111292259,0.0,1.0,99.99999999999964,0.007128061515903457,0.15719213246965036,False,True,0.5663716814159292,J6,
S21_targets_all/S21_targets_all_T02_S10_r01_20261003_152407.mat,S21_targets_all,S10,1,T02,plugin,0.15,T02/S10,False,PPO set-point 10 Hz (fixed base),1.0,fk,25.0,V2.4-SP,123b595,False,converged,True,44,4.300367,0.6825196632773128,0.5775353578990065,0.004929568635367509,0.004929568635367509,True,3.00021,0.6629993885521402,0.8710948575084355,0.0,1.0,99.99800000000003,0.005790901824591261,0.2448266257702124,False,False,0.0,,
S21_targets_all/S21_targets_all_T02_S11_r01_20261003_152229.mat,S21_targets_all,S11,1,T02,plugin,0.15,T02/S11,False,PPO set-point 10 Hz (fixed base),1.0,fk,25.0,V2.4-SP,123b595,False,converged,True,91,9.000192,0.8904519223429753,0.870010395854998,0.008790271667271947,0.008790271667271947,True,7.5001500000000005,1.2234241478526728,0.7111273693444919,0.0,1.0,99.99650000000004,0.006497998349686432,0.5815814056544859,False,False,0.0,,
S21_targets_all/S21_targets_all_T02_S12_r01_20261003_152249.mat,S21_targets_all,S12,1,T02,plugin,0.15,T02/S12,False,PPO set-point 10 Hz (fixed base),1.0,fk,25.0,V2.4-SP,123b595,False,converged,True,62,6.100328,0.9186994197755929,0.8021297547602569,0.019591564675382662,0.019182470123000398,True,4.300256,1.0251902906445736,0.7824203585228353,0.0,1.0,100.00799999999943,0.00522703084129539,0.254847602193617,False,True,0.16129032258064516,J6,
S21_targets_all/S21_targets_all_T02_S13_r01_20261003_152146.mat,S21_targets_all,S13,1,T02,plugin,0.15,T02/S13,False,PPO set-point 10 Hz (fixed base),1.0,fk,25.0,V2.4-SP,123b595,False,converged,True,157,15.60034,1.1140442758340379,1.1553153961985736,0.018485608890553847,0.018485608890553847,True,9.500160999999999,1.895737046205231,0.6094280841909021,0.0,1.0,100.00200000000036,0.005555996820663153,0.54268391364965,False,True,0.24203821656050956,J6,
S21_targets_all/S21_targets_all_T02_S14_r01_20261003_152208.mat,S21_targets_all,S14,1,T02,plugin,0.15,T02/S14,False,PPO set-point 10 Hz (fixed base),1.0,fk,25.0,V2.4-SP,123b595,False,converged,True,68,6.700165,1.1014747673779932,0.9926087792800448,0.010867214556295196,0.010867214556295196,True,3.600149,1.2241238433663484,0.8108728415503813,0.0,1.0,100.0040000000002,0.004974006407395055,0.29131658109602365,False,True,0.47058823529411764,J6,
S21_targets_all/S21_targets_all_T03_S00_r01_20261003_152809.mat,S21_targets_all,S00,1,T03,plugin,0.15,T03/S00,False,PPO set-point 10 Hz (fixed base),1.0,fk,25.0,V2.4-SP,123b595,False,converged,True,24,2.300415,0.2036040042059805,0.057286827144179965,0.012586719510714934,0.012586719510714934,True,0.600144,0.05232336663337805,1.0,0.0,1.0,100.03099999999998,0.006998299692823623,0.43358633408843295,False,False,0.0,,
S21_targets_all/S21_targets_all_T03_S01_r01_20261003_152823.mat,S21_targets_all,S01,1,T03,plugin,0.15,T03/S01,False,PPO set-point 10 Hz (fixed base),1.0,fk,25.0,V2.4-SP,123b595,False,converged,True,25,2.400163,0.11504606619550549,0.06339128814449672,0.01425612481802262,0.01425612481802262,True,0.800224,0.05692323058696602,1.0,0.0,1.0,99.99549999999991,0.006833110917147585,0.46343269503516427,False,False,0.0,,
S21_targets_all/S21_targets_all_T03_S02_r01_20261003_153000.mat,S21_targets_all,S02,1,T03,plugin,0.15,T03/S02,False,PPO set-point 10 Hz (fixed base),1.0,fk,25.0,V2.4-SP,123b595,False,converged,True,87,8.600148,0.10212585706825815,0.19312334344100165,0.01927303089912854,0.01913642315829172,True,2.3001790000000004,0.22590561645427182,0.8548850908277174,0.0,1.0,100.00049999999993,0.006188322165392887,0.4540909690975875,False,False,0.0,,
S21_targets_all/S21_targets_all_T03_S03_r01_20261003_152905.mat,S21_targets_all,S03,1,T03,plugin,0.15,T03/S03,False,PPO set-point 10 Hz (fixed base),1.0,fk,25.0,V2.4-SP,123b595,False,timeout,False,250,24.900492,0.1919869719658556,0.11034562686239266,0.02101648150694571,0.02101648150694571,True,2.0000880000000003,0.24741159845809943,0.446000218058008,0.0,1.0,100.00600000000004,0.006531498822498134,0.3672665474792647,False,True,0.536,J6,
S21_targets_all/S21_targets_all_T03_S04_r01_20261003_152940.mat,S21_targets_all,S04,1,T03,plugin,0.15,T03/S04,False,PPO set-point 10 Hz (fixed base),1.0,fk,25.0,V2.4-SP,123b595,False,timeout,False,250,24.900302,0.22336999156714926,0.17152569272262835,0.020398737746091387,0.020063537908897706,True,5.000126,0.276280285115601,0.6208394227291995,0.0,1.0,99.99099999999927,0.0065510729884411395,0.3668860967508194,False,True,0.564,J6,
S21_targets_all/S21_targets_all_T03_S05_r01_20261003_153017.mat,S21_targets_all,S05,1,T03,plugin,0.15,T03/S05,False,PPO set-point 10 Hz (fixed base),1.0,fk,25.0,V2.4-SP,123b595,False,converged,True,60,5.900185,0.35296317462955124,0.2434698307722289,0.017026175324949273,0.017026175324949273,True,3.400107,0.3035199582610341,0.8021542707344446,0.0,1.0,100.00600000000004,0.0061062724918869195,0.3062035285306203,False,False,0.0,,
S21_targets_all/S21_targets_all_T03_S06_r01_20261003_153053.mat,S21_targets_all,S06,1,T03,plugin,0.15,T03/S06,False,PPO set-point 10 Hz (fixed base),1.0,fk,25.0,V2.4-SP,123b595,False,timeout,False,250,24.900231,0.3400432964303045,0.35833883459132043,0.022508092047829966,0.019837260428174942,True,5.200387,0.4686731529392297,0.7645815262599099,0.0,1.0,100.00100000000067,0.006644151635053123,0.36883505761194724,False,True,0.428,J6,
S21_targets_all/S21_targets_all_T03_S07_r01_20261003_153132.mat,S21_targets_all,S07,1,T03,plugin,0.15,T03/S07,False,PPO set-point 10 Hz (fixed base),1.0,fk,25.0,V2.4-SP,123b595,False,converged,True,66,6.500286,0.506776428895993,0.4584548675806113,0.01681508868521008,0.016790283096240862,True,4.400161,0.5919684478081128,0.7744582828327026,0.0,1.0,100.00599999999982,0.0059841542347835765,0.37658373780006915,False,False,0.0,,
S21_targets_all/S21_targets_all_T03_S08_r01_20261003_153114.mat,S21_targets_all,S08,1,T03,plugin,0.15,T03/S08,False,PPO set-point 10 Hz (fixed base),1.0,fk,25.0,V2.4-SP,123b595,False,converged,True,100,9.900172,0.47994291474335915,0.41141418322279927,0.01470207806970546,0.01470207806970546,True,3.900248,0.5073761815736995,0.810866174180151,0.0,1.0,99.98899999999989,0.006271895070903714,0.3491669133055302,False,True,0.3,J6,
S21_targets_all/S21_targets_all_T03_S09_r01_20261003_153153.mat,S21_targets_all,S09,1,T03,plugin,0.15,T03/S09,False,PPO set-point 10 Hz (fixed base),1.0,fk,25.0,V2.4-SP,123b595,False,converged,True,93,9.200245,0.684972171734911,0.603395278237387,0.016592339817885278,0.016592339817885278,True,4.900123,0.7463741834766239,0.8084353553424923,0.0,1.0,100.00849999999994,0.008216696905431501,0.15715810455268253,False,True,0.3548387096774194,J6,
S21_targets_all/S21_targets_all_T03_S10_r01_20261003_153209.mat,S21_targets_all,S10,1,T03,plugin,0.15,T03/S10,False,PPO set-point 10 Hz (fixed base),1.0,fk,25.0,V2.4-SP,123b595,False,converged,True,56,5.500135,0.6825196632773128,0.6244652967097662,0.010786557542849242,0.010786557542849242,True,4.000322,0.8026049393274683,0.7780481605720346,0.0,1.0,100.00400000000009,0.005974197408788285,0.2448276566513209,False,False,0.0,,
S21_targets_all/S21_targets_all_T03_S11_r01_20261003_153308.mat,S21_targets_all,S11,1,T03,plugin,0.15,T03/S11,False,PPO set-point 10 Hz (fixed base),1.0,fk,25.0,V2.4-SP,123b595,False,converged,True,87,8.60019,0.8904519223429753,0.9476280286256429,0.009293422868068526,0.009293422868068526,True,7.100255000000001,1.3601204963316231,0.696723585286368,0.0,1.0,99.98949999999995,0.006516787462854602,0.45337332940656405,False,False,0.0,,
S21_targets_all/S21_targets_all_T03_S12_r01_20261003_153246.mat,S21_targets_all,S12,1,T03,plugin,0.15,T03/S12,False,PPO set-point 10 Hz (fixed base),1.0,fk,25.0,V2.4-SP,123b595,False,converged,True,173,17.200228,0.9186994197755929,0.8711185275891695,0.018393124128585698,0.018393124128585698,True,5.400105,1.2078591720349123,0.7212086870372256,0.0,1.0,100.00649999999922,0.005733264314174213,0.2548479859761834,False,True,0.7109826589595376,J6,
S21_targets_all/S21_targets_all_T03_S13_r01_20261003_153428.mat,S21_targets_all,S13,1,T03,plugin,0.15,T03/S13,False,PPO set-point 10 Hz (fixed base),1.0,fk,25.0,V2.4-SP,123b595,False,converged,True,203,20.200094,1.1140442758340379,1.133197861226085,0.018960234508106744,0.018960234508106744,True,10.200184,1.9491841986116125,0.5813703302300789,0.0,1.0,99.99349999999919,0.006590924693745878,0.40024117384287317,False,True,0.43842364532019706,J6,
S21_targets_all/S21_targets_all_T03_S14_r01_20261003_153354.mat,S21_targets_all,S14,1,T03,plugin,0.15,T03/S14,False,PPO set-point 10 Hz (fixed base),1.0,fk,25.0,V2.4-SP,123b595,False,converged,True,130,12.900294,1.1014747673779932,1.068100971729172,0.01712664588440314,0.01712664588440314,True,5.100138,1.4138233491735333,0.7554698911667733,0.0,1.0,100.00300000000007,0.005350549040856677,0.2911687540011815,False,True,0.7307692307692307,J6,
S21_targets_all/S21_targets_all_T04_S00_r01_20261003_155131.mat,S21_targets_all,S00,1,T04,plugin,0.25,T04/S00,False,PPO set-point 10 Hz (fixed base),1.0,fk,25.0,V2.4-SP,123b595,False,timeout,False,250,24.900356,0.2036040042059805,0.33935929080139476,0.12954602763728715,0.08194804501059894,False,nan,0.37026790112250607,0.9165236569861751,0.0,1.0,100.00300000000095,0.004063138429990993,0.4335886816716368,False,True,0.544,J6,
S21_targets_all/S21_targets_all_T04_S01_r01_20261003_155019.mat,S21_targets_all,S01,1,T04,plugin,0.25,T04/S01,False,PPO set-point 10 Hz (fixed base),1.0,fk,25.0,V2.4-SP,123b595,False,timeout,False,250,24.900148,0.11504606619550549,0.3137344022651137,0.12994223211811512,0.0714514530016988,False,nan,0.34266342872194905,0.9155759732962062,0.0,1.0,100.00100000000067,0.0038901383948807557,0.49043230047555675,False,True,0.492,J6,
S21_targets_all/S21_targets_all_T04_S02_r01_20261003_155056.mat,S21_targets_all,S02,1,T04,plugin,0.25,T04/S02,False,PPO set-point 10 Hz (fixed base),1.0,fk,25.0,V2.4-SP,123b595,False,timeout,False,250,24.900179,0.10212585706825815,0.33771817743984744,0.12950082473544594,0.06896381326042365,False,nan,0.3637215212861934,0.9285075467781152,0.0,1.0,100.00300000000007,0.003968807167225629,0.5442079005176652,False,True,0.52,J6,
S21_targets_all/S21_targets_all_T04_S03_r01_20261003_154904.mat,S21_targets_all,S03,1,T04,plugin,0.25,T04/S03,False,PPO set-point 10 Hz (fixed base),1.0,fk,25.0,V2.4-SP,123b595,False,timeout,False,250,24.90042,0.1919869719658556,0.29274007994543666,0.12958947810069013,0.06661318286377826,False,nan,0.35753805007266,0.8187662261008167,0.0,1.0,99.9920000000003,0.0038638865139124516,0.47615005875226746,False,True,0.508,J6,
S21_targets_all/S21_targets_all_T04_S04_r01_20261003_154941.mat,S21_targets_all,S04,1,T04,plugin,0.25,T04/S04,False,PPO set-point 10 Hz (fixed base),1.0,fk,25.0,V2.4-SP,123b595,False,timeout,False,250,24.900302,0.22336999156714926,0.3058726310434856,0.12958704316311168,0.06671023381219916,False,nan,0.373259169290516,0.8194644799346325,0.0,1.0,100.00499999999946,0.003989128425951615,0.48586608703368317,False,True,0.528,J6,
S21_targets_all/S21_targets_all_T04_S05_r01_20261003_155208.mat,S21_targets_all,S05,1,T04,plugin,0.25,T04/S05,False,PPO set-point 10 Hz (fixed base),1.0,fk,25.0,V2.4-SP,123b595,False,timeout,False,250,24.900208,0.35296317462955124,0.38617700064520893,0.1300293304425406,0.0803414244325787,False,nan,0.45829951163130506,0.8426301814519114,0.0,1.0,100.00100000000245,0.0037174222769873143,0.30620194085135377,False,True,0.496,J6,
S21_targets_all/S21_targets_all_T04_S06_r01_20261003_155245.mat,S21_targets_all,S06,1,T04,plugin,0.25,T04/S06,False,PPO set-point 10 Hz (fixed base),1.0,fk,25.0,V2.4-SP,123b595,False,timeout,False,250,24.900169,0.3400432964303045,0.520361753302656,0.13054370834619783,0.06362369377034506,False,nan,0.5814159507510899,0.8949905014309252,0.0,1.0,100.00199999999992,0.003996710340143078,0.5163884550132865,False,True,0.44,J6,
S21_targets_all/S21_targets_all_T04_S07_r01_20261003_155400.mat,S21_targets_all,S07,1,T04,plugin,0.25,T04/S07,False,PPO set-point 10 Hz (fixed base),1.0,fk,25.0,V2.4-SP,123b595,False,timeout,False,250,24.900405,0.506776428895993,0.6059251644034609,0.13002386021274465,0.07653506479935103,False,nan,0.6715663929051655,0.9022565316025662,0.0,1.0,100.00000000000009,0.0036758923258922503,0.37658855178289197,False,True,0.496,J6,
S21_targets_all/S21_targets_all_T04_S08_r01_20261003_155322.mat,S21_targets_all,S08,1,T04,plugin,0.25,T04/S08,False,PPO set-point 10 Hz (fixed base),1.0,fk,25.0,V2.4-SP,123b595,False,timeout,False,250,24.9002,0.47994291474335915,0.5888440172000233,0.12872008388186285,0.10940965965191136,False,nan,0.6040480234877015,0.9748298054186287,0.0,1.0,100.00200000000036,0.004600056431991326,0.3491674233912253,False,True,0.652,J6,
S21_targets_all/S21_targets_all_T04_S09_r01_20261003_155437.mat,S21_targets_all,S09,1,T04,plugin,0.25,T04/S09,False,PPO set-point 10 Hz (fixed base),1.0,fk,25.0,V2.4-SP,123b595,False,timeout,False,250,24.900156,0.684972171734911,0.8240508695184078,0.12903782230276356,0.12903740443991277,False,nan,0.845558617264495,0.9745638595516087,0.0,1.0,100.00000000000142,0.005443924927233317,0.1571713137966102,False,True,0.748,J6,
S21_targets_all/S21_targets_all_T04_S10_r01_20261003_155515.mat,S21_targets_all,S10,1,T04,plugin,0.25,T04/S10,False,PPO set-point 10 Hz (fixed base),1.0,fk,25.0,V2.4-SP,123b595,False,timeout,False,250,24.90019,0.6825196632773128,0.824554542512707,0.1295681980375046,0.0965708615053292,False,nan,0.8850641759363841,0.931632490537018,0.0,1.0,99.99800000000025,0.003877819461700615,0.24482736654705983,False,True,0.584,J6,
S21_targets_all/S21_targets_all_T04_S11_r01_20261003_155635.mat,S21_targets_all,S11,1,T04,plugin,0.25,T04/S11,False,PPO set-point 10 Hz (fixed base),1.0,fk,25.0,V2.4-SP,123b595,False,timeout,False,250,24.900179,0.8904519223429753,1.125886874142997,0.12890749135725058,0.03763619367818156,False,4.800165,1.400470213545728,0.803934895046759,0.08586038512333317,1.0,100.00100000000067,0.005567632722220834,0.5563428725620485,False,True,0.528,J6,
S21_targets_all/S21_targets_all_T04_S12_r01_20261003_155554.mat,S21_targets_all,S12,1,T04,plugin,0.25,T04/S12,False,PPO set-point 10 Hz (fixed base),1.0,fk,25.0,V2.4-SP,123b595,False,timeout,False,250,24.90029,0.9186994197755929,1.0523062980899671,0.12835953727662694,0.1138790140759096,False,nan,1.1825421888865426,0.8898678693914481,0.0,1.0,100.00199999999992,0.0057517597085006795,0.25484691380455615,False,True,0.768,J6,
S21_targets_all/S21_targets_all_T04_S13_r01_20261003_155806.mat,S21_targets_all,S13,1,T04,plugin,0.25,T04/S13,False,PPO set-point 10 Hz (fixed base),1.0,fk,25.0,V2.4-SP,123b595,False,timeout,False,250,24.900155,1.1140442758340379,1.3590878779490094,0.12990154154190786,0.06231169534139089,False,nan,1.9821314237522074,0.6856699115219281,0.0,1.0,100.00099999999978,0.005802698267506359,0.5139980485420637,False,True,0.484,J6,
S21_targets_all/S21_targets_all_T04_S14_r01_20261003_155718.mat,S21_targets_all,S14,1,T04,plugin,0.25,T04/S14,False,PPO set-point 10 Hz (fixed base),1.0,fk,25.0,V2.4-SP,123b595,False,timeout,False,250,24.900273,1.1014747673779932,1.264100544438968,0.1284631743527091,0.12723963810015054,False,nan,1.4617123111117472,0.8648080301639658,0.0,1.0,100.00300000000007,0.004628213158606028,0.291305212863326,False,True,0.86,J6,
S21_targets_all/S21_targets_all_T05_S00_r01_20261003_154723.mat,S21_targets_all,S00,1,T05,plugin,0.25,T05/S00,False,PPO set-point 10 Hz (fixed base),1.0,fk,25.0,V2.4-SP,123b595,False,converged,True,65,6.540796,0.2036040042059805,0.30467495126244865,0.014705532844615737,0.014705532844615737,True,4.540048,0.3268276897307073,0.9322189056670455,0.0,1.0,100.00100000000067,0.007292864038193084,0.43358695258056856,False,False,0.0,,
S21_targets_all/S21_targets_all_T05_S01_r01_20261003_154811.mat,S21_targets_all,S01,1,T05,plugin,0.25,T05/S01,False,PPO set-point 10 Hz (fixed base),1.0,fk,25.0,V2.4-SP,123b595,False,converged,True,74,7.300088,0.11504606619550549,0.2303570376221043,0.013038835853682512,0.013038835853682512,True,4.900129,0.2351429243601203,0.9796469030440124,0.0,1.0,100.00299999999918,0.007300581948825952,0.49047852909664635,False,False,0.0,,
S21_targets_all/S21_targets_all_T05_S02_r01_20261003_154830.mat,S21_targets_all,S02,1,T05,plugin,0.25,T05/S02,False,PPO set-point 10 Hz (fixed base),1.0,fk,25.0,V2.4-SP,123b595,False,converged,True,83,8.287854,0.10212585706825815,0.1783035434865505,0.017259677593569625,0.017259677593569625,True,5.288087,0.20542987670941384,0.8679533198511613,0.0,1.0,99.99950000000001,0.007193720766455105,0.5211387943963173,False,False,0.0,,
S21_targets_all/S21_targets_all_T05_S03_r01_20261003_154707.mat,S21_targets_all,S03,1,T05,plugin,0.25,T05/S03,False,PPO set-point 10 Hz (fixed base),1.0,fk,25.0,V2.4-SP,123b595,False,converged,True,78,8.260625,0.1919869719658556,0.33630232808300875,0.016007311401364167,0.016007311401364167,True,5.960478999999999,0.3853100827476448,0.8728095711506901,0.0,1.0,100.00699999999973,0.007068230210911174,0.4761499131508403,False,False,0.0,,
S21_targets_all/S21_targets_all_T05_S04_r01_20261003_153952.mat,S21_targets_all,S04,1,T05,plugin,0.25,T05/S04,False,PPO set-point 10 Hz (fixed base),1.0,fk,25.0,V2.4-SP,123b595,False,converged,True,83,8.200093,0.22336999156714926,0.36235626567770746,0.01598822679810028,0.01598822679810028,True,5.8002009999999995,0.3732235620173762,0.9708826091232611,0.0,1.0,100.0139999999996,0.006946306147809364,0.4858983026294761,False,True,0.10843373493975904,J6,
S21_targets_all/S21_targets_all_T05_S05_r01_20261003_153934.mat,S21_targets_all,S05,1,T05,plugin,0.25,T05/S05,False,PPO set-point 10 Hz (fixed base),1.0,fk,25.0,V2.4-SP,123b595,False,converged,True,71,7.000184,0.35296317462955124,0.4745552981042873,0.012167230731865526,0.012167230731865526,True,5.3001249999999995,0.5703692002223175,0.8320142425630906,0.0,1.0,99.99749999999975,0.00694126081251926,0.30620211028916733,False,False,0.0,,
S21_targets_all/S21_targets_all_T05_S06_r01_20261003_154753.mat,S21_targets_all,S06,1,T05,plugin,0.25,T05/S06,False,PPO set-point 10 Hz (fixed base),1.0,fk,25.0,V2.4-SP,123b595,False,converged,True,87,8.637907,0.3400432964303045,0.29240235999399194,0.012720028219339366,0.012720028219339366,True,6.437861,0.35557879027292644,0.8223279002933693,0.0,1.0,99.997,0.006952155574705098,0.5001987952822282,False,False,0.0,,
S21_targets_all/S21_targets_all_T05_S07_r01_20261003_153842.mat,S21_targets_all,S07,1,T05,plugin,0.25,T05/S07,False,PPO set-point 10 Hz (fixed base),1.0,fk,25.0,V2.4-SP,123b595,False,converged,True,76,7.500259,0.506776428895993,0.5211766993107578,0.01389106439834194,0.01389106439834194,True,5.800237,0.7475214104982755,0.697206383645061,0.0,1.0,99.99299999999955,0.0069362654943757665,0.3765851328815757,False,False,0.0,,
S21_targets_all/S21_targets_all_T05_S08_r01_20261003_153914.mat,S21_targets_all,S08,1,T05,plugin,0.25,T05/S08,False,PPO set-point 10 Hz (fixed base),1.0,fk,25.0,V2.4-SP,123b595,False,converged,True,207,20.600286,0.47994291474335915,0.488973470385177,0.019743185535582783,0.01973696143424151,True,5.000177,0.6438662963024111,0.7594332444379353,0.0,1.0,100.00900000000001,0.006926960300973875,0.34916615786766403,False,True,0.7729468599033816,J4 J6,
S21_targets_all/S21_targets_all_T05_S09_r01_20261003_153718.mat,S21_targets_all,S09,1,T05,plugin,0.25,T05/S09,False,PPO set-point 10 Hz (fixed base),1.0,fk,25.0,V2.4-SP,123b595,False,converged,True,179,17.800361,0.684972171734911,0.6200566052123548,0.01914309077080869,0.01914309077080869,True,6.100142999999999,0.8445863219368497,0.734154211484752,0.0,1.0,100.00549999999974,0.007576884379335865,0.15719225765610678,False,True,0.7374301675977654,J6,
S21_targets_all/S21_targets_all_T05_S10_r01_20261003_153811.mat,S21_targets_all,S10,1,T05,plugin,0.25,T05/S10,False,PPO set-point 10 Hz (fixed base),1.0,fk,25.0,V2.4-SP,123b595,False,converged,True,66,6.500328,0.6825196632773128,0.6139244649128042,0.012437476582536366,0.012437476582536366,True,5.200272,0.9292436212943658,0.660671163992123,0.0,1.0,100.00100000000067,0.0069057825242928,0.24482461210040085,False,True,0.10606060606060606,J6,
S21_targets_all/S21_targets_all_T05_S11_r01_20261003_153650.mat,S21_targets_all,S11,1,T05,plugin,0.25,T05/S11,False,PPO set-point 10 Hz (fixed base),1.0,fk,25.0,V2.4-SP,123b595,False,converged,True,98,9.700112,0.8904519223429753,0.6659132828032867,0.014484031389976384,0.014484031389976384,True,8.000231,1.3142535811934906,0.5066855379603092,0.0,1.0,100.00700000000151,0.00723895018748737,0.5083259846876462,False,True,0.17346938775510204,J6,
S21_targets_all/S21_targets_all_T05_S12_r01_20261003_153622.mat,S21_targets_all,S12,1,T05,plugin,0.25,T05/S12,False,PPO set-point 10 Hz (fixed base),1.0,fk,25.0,V2.4-SP,123b595,False,converged,True,219,21.800209,0.9186994197755929,0.8402492989261761,0.019715297109671057,0.019715297109671057,True,10.500186,1.330590637910228,0.6314859544223442,0.0,1.0,100.00499999999968,0.006685738737753044,0.25484873354007387,False,True,0.7990867579908676,J4 J6,
S21_targets_all/S21_targets_all_T05_S13_r01_20261003_153547.mat,S21_targets_all,S13,1,T05,plugin,0.25,T05/S13,False,PPO set-point 10 Hz (fixed base),1.0,fk,25.0,V2.4-SP,123b595,False,timeout,False,250,24.900344,1.1140442758340379,0.8720596199268249,0.024817636499704806,0.024817636499704806,True,10.500111,1.801067058976372,0.4841905333732859,0.0,1.0,100.0009999999989,0.006626696926320917,0.48417888845864554,False,True,0.604,J6,
S21_targets_all/S21_targets_all_T05_S14_r01_20261003_153508.mat,S21_targets_all,S14,1,T05,plugin,0.25,T05/S14,False,PPO set-point 10 Hz (fixed base),1.0,fk,25.0,V2.4-SP,123b595,False,timeout,False,250,24.900287,1.1014747673779932,0.9767180826477957,0.023295477451813488,0.02099042835695668,True,10.600195,1.4892056379436158,0.6558651523751323,0.0,1.0,99.99800000000114,0.006530000381289142,0.29130998998062463,False,True,0.864,J4 J6,
S21_targets_all/S21_targets_all_T06_S00_r01_20261003_160500.mat,S21_targets_all,S00,1,T06,plugin,0.25,T06/S00,False,PPO set-point 10 Hz (fixed base),1.0,fk,25.0,V2.4-SP,123b595,False,timeout,False,250,24.90016,0.2036040042059805,0.45296339265463537,0.10842035893424326,0.09529576676198256,False,nan,0.54002893216404,0.838776157491211,0.0,1.0,99.99899999999862,0.004640388752289446,0.43358721601814054,False,True,0.62,J6,
S21_targets_all/S21_targets_all_T06_S01_r01_20261003_160740.mat,S21_targets_all,S01,1,T06,plugin,0.25,T06/S01,False,PPO set-point 10 Hz (fixed base),1.0,fk,25.0,V2.4-SP,123b595,False,timeout,False,250,24.900377,0.11504606619550549,0.35864644471186286,0.10864408488968334,0.08211600737238753,False,nan,0.4303066511208532,0.8334671188039241,0.0,1.0,100.00299999999984,0.0045123913172392185,0.4904785824618294,False,True,0.548,J6,
S21_targets_all/S21_targets_all_T06_S02_r01_20261003_160818.mat,S21_targets_all,S02,1,T06,plugin,0.25,T06/S02,False,PPO set-point 10 Hz (fixed base),1.0,fk,25.0,V2.4-SP,123b595,False,timeout,False,250,24.900158,0.10212585706825815,0.25619385742721856,0.10836007503766189,0.06931003250831724,False,nan,0.3395087450000486,0.7546016448771649,0.0,1.0,100.00000000000142,0.004621273325830453,0.5692208554511633,False,True,0.54,J6,
S21_targets_all/S21_targets_all_T06_S03_r01_20261003_160704.mat,S21_targets_all,S03,1,T06,plugin,0.25,T06/S03,False,PPO set-point 10 Hz (fixed base),1.0,fk,25.0,V2.4-SP,123b595,False,timeout,False,250,24.900216,0.1919869719658556,0.422020555398693,0.10828342682967261,0.07294169669220817,False,nan,0.5227743539156283,0.807270961625642,0.0,1.0,99.9990000000004,0.004512406758875928,0.4761507535351115,False,True,0.536,J6,
S21_targets_all/S21_targets_all_T06_S04_r01_20261003_160616.mat,S21_targets_all,S04,1,T06,plugin,0.25,T06/S04,False,PPO set-point 10 Hz (fixed base),1.0,fk,25.0,V2.4-SP,123b595,False,timeout,False,250,24.900149,0.22336999156714926,0.42908292912978696,0.1083646423385294,0.07150708136029374,False,nan,0.5205186231257717,0.8243373244805281,0.0,1.0,100.00500000000123,0.004431555442399325,0.4858970016873919,False,True,0.544,J6,
S21_targets_all/S21_targets_all_T06_S05_r01_20261003_160422.mat,S21_targets_all,S05,1,T06,plugin,0.25,T06/S05,False,PPO set-point 10 Hz (fixed base),1.0,fk,25.0,V2.4-SP,123b595,False,timeout,False,250,24.900404,0.35296317462955124,0.5776242712872236,0.10868819489361728,0.08374075259834846,False,nan,0.6904015973002275,0.8366496739665542,0.0,1.0,99.99800000000025,0.004429213408104594,0.3062016751818035,False,True,0.524,J6,
S21_targets_all/S21_targets_all_T06_S06_r01_20261003_160537.mat,S21_targets_all,S06,1,T06,plugin,0.25,T06/S06,False,PPO set-point 10 Hz (fixed base),1.0,fk,25.0,V2.4-SP,123b595,False,timeout,False,250,24.900411,0.3400432964303045,0.4408598742866411,0.1093678540430518,0.05426640240213264,False,nan,0.5045580158955411,0.8737545740981996,0.0,1.0,99.99800000000292,0.004372451993723391,0.5798677878810137,False,True,0.352,J6,
S21_targets_all/S21_targets_all_T06_S07_r01_20261003_160309.mat,S21_targets_all,S07,1,T06,plugin,0.25,T06/S07,False,PPO set-point 10 Hz (fixed base),1.0,fk,25.0,V2.4-SP,123b595,False,timeout,False,250,24.900202,0.506776428895993,0.6593395676074366,0.10897489082008084,0.07372366309625086,False,nan,0.7696228887686344,0.8567047280290135,0.0,1.0,100.00900000000001,0.004409957202131389,0.3765843643931196,False,True,0.448,J6,
S21_targets_all/S21_targets_all_T06_S08_r01_20261003_160345.mat,S21_targets_all,S08,1,T06,plugin,0.25,T06/S08,False,PPO set-point 10 Hz (fixed base),1.0,fk,25.0,V2.4-SP,123b595,False,timeout,False,250,24.900302,0.47994291474335915,0.6575232739603925,0.10813767632368089,0.10570182650805016,False,nan,0.7337259673302363,0.8961428424741216,0.0,1.0,99.99699999999834,0.004964483208530354,0.3491682810832649,False,True,0.776,J6,
S21_targets_all/S21_targets_all_T06_S09_r01_20261003_160106.mat,S21_targets_all,S09,1,T06,plugin,0.25,T06/S09,False,PPO set-point 10 Hz (fixed base),1.0,fk,25.0,V2.4-SP,123b595,False,timeout,False,250,24.900265,0.684972171734911,0.8628834520919835,0.10772981991796522,0.10433671642210109,False,nan,0.9961136951674212,0.866249963511399,0.0,1.0,100.00100000000067,0.005497448256399467,0.15719343394732332,False,True,0.836,J6,
S21_targets_all/S21_targets_all_T06_S10_r01_20261003_160227.mat,S21_targets_all,S10,1,T06,plugin,0.25,T06/S10,False,PPO set-point 10 Hz (fixed base),1.0,fk,25.0,V2.4-SP,123b595,False,timeout,False,250,24.900267,0.6825196632773128,0.8321433622896524,0.10876347616203388,0.09517320557464068,False,nan,0.9582381369236748,0.8684097722943519,0.0,1.0,99.9939999999988,0.004489901317311382,0.2448261507878231,False,True,0.564,J6,
S21_targets_all/S21_targets_all_T06_S11_r01_20261003_160145.mat,S21_targets_all,S11,1,T06,plugin,0.25,T06/S11,False,PPO set-point 10 Hz (fixed base),1.0,fk,25.0,V2.4-SP,123b595,False,timeout,False,250,24.900165,0.8904519223429753,0.8474041723726686,0.10897042187551366,0.025350350629800667,False,4.000503999999999,1.1289273244029325,0.7506277455201503,0.059466088498336095,1.0,100.0009999999989,0.005063374816115511,0.7480363443403619,False,True,0.5,J6,
S21_targets_all/S21_targets_all_T06_S12_r01_20261003_160026.mat,S21_targets_all,S12,1,T06,plugin,0.25,T06/S12,False,PPO set-point 10 Hz (fixed base),1.0,fk,25.0,V2.4-SP,123b595,False,timeout,False,250,24.900606,0.9186994197755929,1.0423126211249778,0.10703025186378913,0.08476532248020952,False,nan,1.2417460296666674,0.8393927552196602,0.0,1.0,100.00099999999978,0.005206386835951548,0.2548456560567285,False,True,0.8,J6,
S21_targets_all/S21_targets_all_T06_S13_r01_20261003_155925.mat,S21_targets_all,S13,1,T06,plugin,0.25,T06/S13,False,PPO set-point 10 Hz (fixed base),1.0,fk,25.0,V2.4-SP,123b595,False,watchdog,False,240,24.026671,1.1140442758340379,1.126901309919492,0.10771293527323812,0.037072890451092716,False,8.500205,1.6885614019046953,0.6673736049209396,0.060724749874952175,1.0,100.00800000000076,0.005618066697102496,0.6256454660965878,False,True,0.4083333333333333,J6,
S21_targets_all/S21_targets_all_T06_S14_r01_20261003_155847.mat,S21_targets_all,S14,1,T06,plugin,0.25,T06/S14,False,PPO set-point 10 Hz (fixed base),1.0,fk,25.0,V2.4-SP,123b595,False,timeout,False,250,24.900152,1.1014747673779932,1.1977071885871697,0.108393648736087,0.10290326648875298,False,nan,1.4370231209858069,0.8334641044366322,0.0,1.0,99.9990000000004,0.0042552016289236815,0.2913071350189459,False,True,0.86,J6,
