file,condId,repetition,mode,dry,nCycles,median_ms,mean_ms,p95_ms,gitHash,dur_send_ms,dur_feedback_ms,dur_fk_ms,dur_obs_ms,dur_agent_ms,dur_pipeline_ms,dur_log_ms
M_fb/M_fb_r01_20260926_140536.mat,M_fb,1,send_feedback,False,300,50.01200000000061,49.969515050167225,53.69299999999981,735bcdc,23.780999999999608,26.186000000000043,nan,nan,nan,nan,nan
M_fb/M_fb_r02_20260926_140659.mat,M_fb,2,send_feedback,False,300,49.99200000000048,49.98392642140469,53.55669999999932,735bcdc,23.911500000000004,26.04049999999969,nan,nan,nan,nan,nan
M_fb/M_fb_r03_20260926_140811.mat,M_fb,3,send_feedback,False,300,50.01400000000089,49.95100668896321,53.60220000000079,735bcdc,23.899000000000115,26.080999999999577,nan,nan,nan,nan,nan
M_fb/M_fb_r04_20261003_133604.mat,M_fb,4,send_feedback,False,300,50.062000000000495,49.95473913043479,53.7128999999989,96f4f4b,24.00150000000023,25.976,nan,nan,nan,nan,nan
M_fb/M_fb_r05_20261003_133801.mat,M_fb,5,send_feedback,False,300,50.049000000000454,49.92808695652174,53.675499999999936,96f4f4b,23.851999999999318,26.168000000000024,nan,nan,nan,nan,nan
M_fb/M_fb_r06_20261003_133848.mat,M_fb,6,send_feedback,False,300,50.00099999999999,49.960545150501666,53.789800000000376,96f4f4b,23.768000000000235,26.206000000000618,nan,nan,nan,nan,nan
M_fbonly/M_fbonly_r01_20261003_133529.mat,M_fbonly,1,feedback_only,False,300,24.981000000000364,24.9629364548495,28.494000000000085,96f4f4b,0.0029999999999752447,24.963000000000292,nan,nan,nan,nan,nan
M_fbonly/M_fbonly_r02_20261003_133614.mat,M_fbonly,2,feedback_only,False,300,24.988999999999706,24.937153846153844,29.040499999999934,96f4f4b,0.0039999999996709334,24.968000000000366,nan,nan,nan,nan,nan
M_fbonly/M_fbonly_r03_20261003_133812.mat,M_fbonly,3,feedback_only,False,300,24.98800000000001,25.0139364548495,29.003999999999674,96f4f4b,0.0039999999996709334,24.971499999999814,nan,nan,nan,nan,nan
M_fk/M_fk_r01_20260926_140602.mat,M_fk,1,send_feedback_fk,False,300,49.98900000000006,49.92665217391305,53.90209999999977,735bcdc,21.138000000000545,26.111499999999623,2.61850000000019,nan,nan,nan,nan
M_fk/M_fk_r02_20260926_140719.mat,M_fk,2,send_feedback_fk,False,300,50.031999999999854,49.98725418060201,53.90899999999981,735bcdc,21.417500000000977,25.991499999999725,2.531500000000353,nan,nan,nan,nan
M_fk/M_fk_r03_20260926_140829.mat,M_fk,3,send_feedback_fk,False,300,50.031999999999854,49.94578260869566,54.03079999999996,735bcdc,21.414000000000932,25.955500000000242,2.5255000000004024,nan,nan,nan,nan
M_full/M_full_r01_20260926_140622.mat,M_full,1,closed_loop_zero,False,300,50.00200000000099,50.62567558528429,53.96470000000007,735bcdc,16.267999999999727,26.045499999999944,2.5300000000001432,0.01699999999971169,4.916999999999838,0.017000000001043958,0.04999999999988347
M_full/M_full_r02_20260926_140739.mat,M_full,2,closed_loop_zero,False,300,50.0070000000008,50.3119364548495,53.88910000000049,735bcdc,16.80550000000003,25.880000000000347,2.5205000000001476,0.015000000001208491,4.55849999999991,0.017000000001488047,0.04999999999993898
M_full/M_full_r03_20260926_140849.mat,M_full,3,closed_loop_zero,False,300,50.00099999999996,50.09645484949832,54.100700000000046,735bcdc,16.492000000000505,26.121000000000727,2.5174999999999503,0.014999999999876223,4.545499999999869,0.012000000001677336,0.047999999999603915
M_send/M_send_r01_20260926_140518.mat,M_send,1,send_only,False,300,25.00800000000014,24.949812709030102,28.872699999999885,735bcdc,24.98250000000013,nan,nan,nan,nan,nan,nan
M_send/M_send_r02_20260926_140638.mat,M_send,2,send_only,False,300,25.009999999999977,24.95802675585284,28.70209999999995,735bcdc,24.98350000000005,nan,nan,nan,nan,nan,nan
M_send/M_send_r03_20260926_140748.mat,M_send,3,send_only,False,300,24.967000000000183,24.935882943143817,28.743400000000058,735bcdc,24.947000000000052,nan,nan,nan,nan,nan,nan
M_sendfb/M_sendfb_r01_20261003_133547.mat,M_sendfb,1,send_then_feedback,False,300,50.044999999999895,49.940297658862875,53.35790000000005,96f4f4b,23.881000000000153,26.135499999999645,nan,nan,nan,nan,nan
M_sendfb/M_sendfb_r02_20261003_133740.mat,M_sendfb,2,send_then_feedback,False,300,49.98800000000081,49.93379598662208,53.72730000000008,96f4f4b,23.862499999999898,26.13800000000066,nan,nan,nan,nan,nan
M_sendfb/M_sendfb_r03_20261003_133829.mat,M_sendfb,3,send_then_feedback,False,300,50.010999999999584,49.977959866220736,54.015799999999544,96f4f4b,23.65849999999936,26.35249999999978,nan,nan,nan,nan,nan
