condId,targetId,group,dist_m,runs,success50,converged,final_mean_mm,final_max_mm,dry,files
S20_targets,E01,edge,0.4,6,0,0,68.18283366468094,69.51295861018792,False,S20_targets/S20_targets_E01_S00_r01_20261003_141958.mat;S20_targets/S20_targets_E01_S00_r02_20261003_144945.mat;S20_targets/S20_targets_E01_S06_r01_20261003_142035.mat;S20_targets/S20_targets_E01_S06_r02_20261003_144911.mat;S20_targets/S20_targets_E01_S07_r01_20261003_142123.mat;S20_targets/S20_targets_E01_S07_r02_20261003_144832.mat
S20_targets,E02,edge,0.4,6,0,0,108.0928539522115,130.81937190008708,False,S20_targets/S20_targets_E02_S00_r01_20261003_142336.mat;S20_targets/S20_targets_E02_S00_r02_20261003_145019.mat;S20_targets/S20_targets_E02_S06_r01_20261003_142201.mat;S20_targets/S20_targets_E02_S06_r02_20261003_145143.mat;S20_targets/S20_targets_E02_S07_r01_20261003_142248.mat;S20_targets/S20_targets_E02_S07_r02_20261003_145100.mat
S20_targets,E03,edge,0.4,6,0,0,102.69265800722575,104.24766850250822,False,S20_targets/S20_targets_E03_S00_r01_20261003_142553.mat;S20_targets/S20_targets_E03_S00_r02_20261003_145258.mat;S20_targets/S20_targets_E03_S06_r01_20261003_142633.mat;S20_targets/S20_targets_E03_S06_r02_20261003_145224.mat;S20_targets/S20_targets_E03_S07_r01_20261003_142423.mat;S20_targets/S20_targets_E03_S07_r02_20261003_145337.mat
S20_targets,T01,plugin,0.15,6,6,1,26.776984817477125,31.27517252667216,False,S20_targets/S20_targets_T01_S00_r01_20261003_140554.mat;S20_targets/S20_targets_T01_S00_r02_20261003_144110.mat;S20_targets/S20_targets_T01_S06_r01_20261003_140647.mat;S20_targets/S20_targets_T01_S06_r02_20261003_144024.mat;S20_targets/S20_targets_T01_S07_r01_20261003_140735.mat;S20_targets/S20_targets_T01_S07_r02_20261003_143948.mat
S20_targets,T02,plugin,0.15,6,6,4,18.16815505592639,21.63597635659754,False,S20_targets/S20_targets_T02_S00_r01_20261003_141037.mat;S20_targets/S20_targets_T02_S00_r02_20261003_144143.mat;S20_targets/S20_targets_T02_S06_r01_20261003_140756.mat;S20_targets/S20_targets_T02_S06_r02_20261003_144219.mat;S20_targets/S20_targets_T02_S07_r01_20261003_140823.mat;S20_targets/S20_targets_T02_S07_r02_20261003_144201.mat
S20_targets,T03,plugin,0.15,6,6,6,15.545501939854425,18.734818962840652,False,S20_targets/S20_targets_T03_S00_r01_20261003_141112.mat;S20_targets/S20_targets_T03_S00_r02_20261003_144256.mat;S20_targets/S20_targets_T03_S06_r01_20261003_141129.mat;S20_targets/S20_targets_T03_S06_r02_20261003_144246.mat;S20_targets/S20_targets_T03_S07_r01_20261003_141102.mat;S20_targets/S20_targets_T03_S07_r02_20261003_144312.mat
S20_targets,T04,plugin,0.25,6,0,0,130.02967702793478,130.7050278821808,False,S20_targets/S20_targets_T04_S00_r01_20261003_141206.mat;S20_targets/S20_targets_T04_S00_r02_20261003_144502.mat;S20_targets/S20_targets_T04_S06_r01_20261003_141250.mat;S20_targets/S20_targets_T04_S06_r02_20261003_144426.mat;S20_targets/S20_targets_T04_S07_r01_20261003_141359.mat;S20_targets/S20_targets_T04_S07_r02_20261003_144348.mat
S20_targets,T05,plugin,0.25,6,6,6,13.298562282532032,15.032034880680278,False,S20_targets/S20_targets_T05_S00_r01_20261003_141555.mat;S20_targets/S20_targets_T05_S00_r02_20261003_144519.mat;S20_targets/S20_targets_T05_S06_r01_20261003_141519.mat;S20_targets/S20_targets_T05_S06_r02_20261003_144556.mat;S20_targets/S20_targets_T05_S07_r01_20261003_141537.mat;S20_targets/S20_targets_T05_S07_r02_20261003_144537.mat
S20_targets,T06,plugin,0.25,6,0,0,108.8609952256085,109.27168584112152,False,S20_targets/S20_targets_T06_S00_r01_20261003_141731.mat;S20_targets/S20_targets_T06_S00_r02_20261003_144707.mat;S20_targets/S20_targets_T06_S06_r01_20261003_141809.mat;S20_targets/S20_targets_T06_S06_r02_20261003_144631.mat;S20_targets/S20_targets_T06_S07_r01_20261003_141630.mat;S20_targets/S20_targets_T06_S07_r02_20261003_144746.mat
S21_targets_all,T01,plugin,0.15,15,15,8,22.1971273991749,31.002198246506193,False,S21_targets_all/S21_targets_all_T01_S00_r01_20261003_151634.mat;S21_targets_all/S21_targets_all_T01_S01_r01_20261003_151455.mat;S21_targets_all/S21_targets_all_T01_S02_r01_20261003_151525.mat;S21_targets_all/S21_targets_all_T01_S03_r01_20261003_151651.mat;S21_targets_all/S21_targets_all_T01_S04_r01_20261003_151420.mat;S21_targets_all/S21_targets_all_T01_S05_r01_20261003_151752.mat;S21_targets_all/S21_targets_all_T01_S06_r01_20261003_151600.mat;S21_targets_all/S21_targets_all_T01_S07_r01_20261003_151850.mat;S21_targets_all/S21_targets_all_T01_S08_r01_20261003_151716.mat;S21_targets_all/S21_targets_all_T01_S09_r01_20261003_151815.mat;S21_targets_all/S21_targets_all_T01_S10_r01_20261003_151928.mat;S21_targets_all/S21_targets_all_T01_S11_r01_20261003_152005.mat;S21_targets_all/S21_targets_all_T01_S12_r01_20261003_152029.mat;S21_targets_all/S21_targets_all_T01_S13_r01_20261003_152054.mat;S21_targets_all/S21_targets_all_T01_S14_r01_20261003_152117.mat
S21_targets_all,T02,plugin,0.15,15,15,11,16.938487279049355,23.644825532213467,False,S21_targets_all/S21_targets_all_T02_S00_r01_20261003_152621.mat;S21_targets_all/S21_targets_all_T02_S01_r01_20261003_152657.mat;S21_targets_all/S21_targets_all_T02_S02_r01_20261003_152754.mat;S21_targets_all/S21_targets_all_T02_S03_r01_20261003_152732.mat;S21_targets_all/S21_targets_all_T02_S04_r01_20261003_152512.mat;S21_targets_all/S21_targets_all_T02_S05_r01_20261003_152548.mat;S21_targets_all/S21_targets_all_T02_S06_r01_20261003_152427.mat;S21_targets_all/S21_targets_all_T02_S07_r01_20261003_152443.mat;S21_targets_all/S21_targets_all_T02_S08_r01_20261003_152350.mat;S21_targets_all/S21_targets_all_T02_S09_r01_20261003_152321.mat;S21_targets_all/S21_targets_all_T02_S10_r01_20261003_152407.mat;S21_targets_all/S21_targets_all_T02_S11_r01_20261003_152229.mat;S21_targets_all/S21_targets_all_T02_S12_r01_20261003_152249.mat;S21_targets_all/S21_targets_all_T02_S13_r01_20261003_152146.mat;S21_targets_all/S21_targets_all_T02_S14_r01_20261003_152208.mat
S21_targets_all,T03,plugin,0.15,15,15,12,16.648990223899773,22.508092047829965,False,S21_targets_all/S21_targets_all_T03_S00_r01_20261003_152809.mat;S21_targets_all/S21_targets_all_T03_S01_r01_20261003_152823.mat;S21_targets_all/S21_targets_all_T03_S02_r01_20261003_153000.mat;S21_targets_all/S21_targets_all_T03_S03_r01_20261003_152905.mat;S21_targets_all/S21_targets_all_T03_S04_r01_20261003_152940.mat;S21_targets_all/S21_targets_all_T03_S05_r01_20261003_153017.mat;S21_targets_all/S21_targets_all_T03_S06_r01_20261003_153053.mat;S21_targets_all/S21_targets_all_T03_S07_r01_20261003_153132.mat;S21_targets_all/S21_targets_all_T03_S08_r01_20261003_153114.mat;S21_targets_all/S21_targets_all_T03_S09_r01_20261003_153153.mat;S21_targets_all/S21_targets_all_T03_S10_r01_20261003_153209.mat;S21_targets_all/S21_targets_all_T03_S11_r01_20261003_153308.mat;S21_targets_all/S21_targets_all_T03_S12_r01_20261003_153246.mat;S21_targets_all/S21_targets_all_T03_S13_r01_20261003_153428.mat;S21_targets_all/S21_targets_all_T03_S14_r01_20261003_153354.mat
S21_targets_all,T04,plugin,0.25,15,0,0,129.44802356711725,130.54370834619783,False,S21_targets_all/S21_targets_all_T04_S00_r01_20261003_155131.mat;S21_targets_all/S21_targets_all_T04_S01_r01_20261003_155019.mat;S21_targets_all/S21_targets_all_T04_S02_r01_20261003_155056.mat;S21_targets_all/S21_targets_all_T04_S03_r01_20261003_154904.mat;S21_targets_all/S21_targets_all_T04_S04_r01_20261003_154941.mat;S21_targets_all/S21_targets_all_T04_S05_r01_20261003_155208.mat;S21_targets_all/S21_targets_all_T04_S06_r01_20261003_155245.mat;S21_targets_all/S21_targets_all_T04_S07_r01_20261003_155400.mat;S21_targets_all/S21_targets_all_T04_S08_r01_20261003_155322.mat;S21_targets_all/S21_targets_all_T04_S09_r01_20261003_155437.mat;S21_targets_all/S21_targets_all_T04_S10_r01_20261003_155515.mat;S21_targets_all/S21_targets_all_T04_S11_r01_20261003_155635.mat;S21_targets_all/S21_targets_all_T04_S12_r01_20261003_155554.mat;S21_targets_all/S21_targets_all_T04_S13_r01_20261003_155806.mat;S21_targets_all/S21_targets_all_T04_S14_r01_20261003_155718.mat
S21_targets_all,T05,plugin,0.25,15,15,13,16.627606878731513,24.817636499704808,False,S21_targets_all/S21_targets_all_T05_S00_r01_20261003_154723.mat;S21_targets_all/S21_targets_all_T05_S01_r01_20261003_154811.mat;S21_targets_all/S21_targets_all_T05_S02_r01_20261003_154830.mat;S21_targets_all/S21_targets_all_T05_S03_r01_20261003_154707.mat;S21_targets_all/S21_targets_all_T05_S04_r01_20261003_153952.mat;S21_targets_all/S21_targets_all_T05_S05_r01_20261003_153934.mat;S21_targets_all/S21_targets_all_T05_S06_r01_20261003_154753.mat;S21_targets_all/S21_targets_all_T05_S07_r01_20261003_153842.mat;S21_targets_all/S21_targets_all_T05_S08_r01_20261003_153914.mat;S21_targets_all/S21_targets_all_T05_S09_r01_20261003_153718.mat;S21_targets_all/S21_targets_all_T05_S10_r01_20261003_153811.mat;S21_targets_all/S21_targets_all_T05_S11_r01_20261003_153650.mat;S21_targets_all/S21_targets_all_T05_S12_r01_20261003_153622.mat;S21_targets_all/S21_targets_all_T05_S13_r01_20261003_153547.mat;S21_targets_all/S21_targets_all_T05_S14_r01_20261003_153508.mat
S21_targets_all,T06,plugin,0.25,15,0,0,108.38945052925655,109.36785404305179,False,S21_targets_all/S21_targets_all_T06_S00_r01_20261003_160500.mat;S21_targets_all/S21_targets_all_T06_S01_r01_20261003_160740.mat;S21_targets_all/S21_targets_all_T06_S02_r01_20261003_160818.mat;S21_targets_all/S21_targets_all_T06_S03_r01_20261003_160704.mat;S21_targets_all/S21_targets_all_T06_S04_r01_20261003_160616.mat;S21_targets_all/S21_targets_all_T06_S05_r01_20261003_160422.mat;S21_targets_all/S21_targets_all_T06_S06_r01_20261003_160537.mat;S21_targets_all/S21_targets_all_T06_S07_r01_20261003_160309.mat;S21_targets_all/S21_targets_all_T06_S08_r01_20261003_160345.mat;S21_targets_all/S21_targets_all_T06_S09_r01_20261003_160106.mat;S21_targets_all/S21_targets_all_T06_S10_r01_20261003_160227.mat;S21_targets_all/S21_targets_all_T06_S11_r01_20261003_160145.mat;S21_targets_all/S21_targets_all_T06_S12_r01_20261003_160026.mat;S21_targets_all/S21_targets_all_T06_S13_r01_20261003_155925.mat;S21_targets_all/S21_targets_all_T06_S14_r01_20261003_155847.mat
