target,start,d0_m,stopReason,finalErr_m,minErr_m,tEnd_s
T01,S04,0.14913786865226,converged,0.014982198575381,0.014982198575381,4
T01,S01,0.187574873825335,timeout,0.028965172928114,0.0257402779028758,24.9
T01,S02,0.224801022251079,timeout,0.026055051695486,0.0202253793698628,24.9
T01,S06,0.230528762118286,timeout,0.0312325592001171,0.0204729746342045,24.9
T01,S00,0.249099655319651,timeout,0.0260703714891827,0.0260703714891827,24.9
T01,S03,0.30223310418806,converged,0.0139998739237276,0.0139998739237276,4.4
T01,S08,0.374391099525521,converged,0.0181440169891843,0.0181440169891843,12.3
T01,S05,0.449022527833729,timeout,0.0288650232820738,0.0259350099702501,24.9
T01,S09,0.597553909993575,converged,0.0174379417717688,0.0174379417717688,11.1
T01,S07,0.641595094738139,timeout,0.0290885993450076,0.0209646439124092,24.9
T01,S10,0.801987711332351,timeout,0.0258245595450992,0.0258245595450992,24.9
T01,S11,0.934895162114502,converged,0.0108315721804685,0.0108315721804685,8.2
T01,S12,1.04392822669659,converged,0.0168188935856991,0.0168188935856991,10
T01,S13,1.09208028958471,converged,0.0194270326897029,0.0190253183783566,11.9
T01,S14,1.21919088732145,converged,0.017493795094609,0.017493795094609,7.7
T02,S13,1.15522722359618,converged,0.0182213742881502,0.0182213742881502,16
T02,S14,0.992505368556338,converged,0.0123908096292199,0.0123908096292199,6.4
T02,S11,0.869931197200963,converged,0.00912769094700441,0.00912769094700441,9.1
T02,S12,0.802016898386899,converged,0.0178526591683086,0.0178526591683086,5.9
T02,S09,0.791393124024888,converged,0.0163932633663025,0.0163932633663025,11.2
T02,S08,0.604583912638084,converged,0.0139985407397071,0.0139985407397071,11.3
T02,S10,0.577478910777052,converged,0.00456606726281621,0.00397752855773272,4.4
T02,S06,0.472350904233904,converged,0.0176016982639721,0.0176016982639721,7.8
T02,S07,0.383406353855944,converged,0.0154061432969282,0.0154061432969282,5.5
T02,S04,0.35006599720521,converged,0.0197533753027407,0.0197533753027407,18.5
T02,S05,0.304211726905703,timeout,0.0237662488002929,0.0208583877411871,24.9
T02,S00,0.256629193150446,timeout,0.0215029359770756,0.0215029359770756,24.9
T02,S01,0.190491105838385,timeout,0.0236316261149125,0.0211545249405967,24.9
T02,S03,0.165448316830621,timeout,0.0220462491113236,0.0210362632072513,24.9
T02,S02,0.123789667415024,converged,0.0193207696547918,0.0193207696547918,8.7
T03,S00,0.0572002959612202,converged,0.0121817379130123,0.0121817379130123,2.3
T03,S01,0.0634404027413903,converged,0.0151172917218308,0.0151172917218308,2.3
T03,S03,0.110321912751449,timeout,0.0209687616143301,0.0209687616143301,24.9
T03,S04,0.171512380824758,timeout,0.0204032544304601,0.0203519859580865,24.9
T03,S02,0.193189194425155,converged,0.0190999667495399,0.0190926406070168,8.6
T03,S05,0.243384569891924,converged,0.0158509661700622,0.0158509661700622,5.6
T03,S06,0.35835384596164,converged,0.0191210543455071,0.0191167622094335,8.4
T03,S08,0.411368226952448,converged,0.0150874071742955,0.0150874071742955,9.7
T03,S07,0.458430117476331,converged,0.0153747638702011,0.0153747638702011,6.3
T03,S09,0.603348277459654,converged,0.0170101215845761,0.0170101215845761,9
T03,S10,0.624437689112864,converged,0.00852427624163754,0.00806048066266628,5.6
T03,S12,0.871056839093655,converged,0.0190944147116796,0.0190944147116796,16.4
T03,S11,0.947569154012412,converged,0.00935867523079349,0.00935867523079349,8.6
T03,S14,1.06804532555809,converged,0.0169963277339666,0.0169963277339666,12.8
T03,S13,1.13312855807408,converged,0.0190132805861882,0.0190132805861882,19.3
T04,S13,1.35899122220471,timeout,0.129609726848294,0.060314239038307,24.9
T04,S14,1.2640127174178,timeout,0.128549511964702,0.127381651243658,24.9
T04,S11,1.12581068576939,timeout,0.128854953431723,0.0418004960677331,24.9
T04,S12,1.0522163863252,timeout,0.128352873820555,0.115308122901397,24.9
T04,S10,0.824512220303326,timeout,0.129514905256554,0.0965109136752388,24.9
T04,S09,0.8239938762356,timeout,0.12906644705799,0.12906644705799,24.9
T04,S07,0.605874943192947,timeout,0.130062309737343,0.0768391680783252,24.9
T04,S08,0.588777643800906,timeout,0.128690640317884,0.109327002950078,24.9
T04,S06,0.520357097111035,timeout,0.130630811557322,0.0644420514129923,24.9
T04,S05,0.386059476222119,timeout,0.130042401840138,0.0802143138296165,24.9
T04,S00,0.339296337724563,timeout,0.129499621917565,0.0824691741593711,24.9
T04,S02,0.33774778716223,timeout,0.129423812411997,0.0693137024158738,24.9
T04,S01,0.313726286504522,timeout,0.129858756933902,0.0719432082762629,24.9
T04,S04,0.305819703463976,timeout,0.129647949940412,0.0671477941554506,24.9
T04,S03,0.292687291612854,timeout,0.129657724709909,0.0672302987905618,24.9
T05,S02,0.178285763960193,converged,0.0169407502906709,0.0169407502906709,8.2
T05,S01,0.230319369246713,converged,0.0140526959700688,0.0140526959700688,7.2
T05,S06,0.292382247033833,converged,0.0128280998396783,0.0128280998396783,8.6
T05,S00,0.304609875519684,converged,0.0152930817710916,0.0152930817710916,6.4
T05,S03,0.336232277060916,converged,0.0156903873209134,0.0156903873209134,7.7
T05,S04,0.362301828919787,converged,0.0162412718520951,0.0162412718520951,8.2
T05,S05,0.474472429239303,converged,0.0127306292520462,0.0127306292520462,6.9
T05,S08,0.488908262340653,converged,0.0194844336286172,0.0194844336286172,18.3
T05,S07,0.521114431751888,converged,0.0132101058451244,0.0132101058451244,7.4
T05,S10,0.613877658895348,converged,0.0118071535853319,0.0118071535853319,6.5
T05,S09,0.620006325797335,converged,0.0191774816756537,0.0191774816756537,17.4
T05,S11,0.665852500044902,converged,0.0155757927698622,0.0155757927698622,9.7
T05,S12,0.840153512246873,converged,0.0196187054182241,0.0196187054182241,20.7
T05,S13,0.871970271860073,timeout,0.0233546785656055,0.0233546785656055,24.9
T05,S14,0.976609019284009,timeout,0.0232194865721538,0.0213040243659763,24.9
T06,S14,1.1975487767562,timeout,0.108250380842435,0.103151998516859,24.9
T06,S13,1.12677349728232,timeout,0.107097639505872,0.0361447202104027,24.9
T06,S12,1.04217223568675,timeout,0.107298567582858,0.0859735521581754,24.9
T06,S09,0.862815022439585,timeout,0.10788846747578,0.10467021763027,24.9
T06,S11,0.84730956559678,timeout,0.108896990164732,0.0245765843980195,24.9
T06,S10,0.832076236122297,timeout,0.108723952157284,0.0943735651992257,24.9
T06,S07,0.659238936964384,timeout,0.108959250312241,0.0749174196585177,24.9
T06,S08,0.657429976136574,timeout,0.108057067463684,0.105359070125792,24.9
T06,S05,0.577489906650378,timeout,0.108718135687139,0.0840082899157234,24.9
T06,S00,0.452871341162666,timeout,0.108415173329872,0.0955160688366557,24.9
T06,S06,0.440812943321772,timeout,0.109218800801377,0.0544106365244341,24.9
T06,S04,0.428979696947996,timeout,0.108304245210344,0.0720536135801011,24.9
T06,S03,0.421907318839598,timeout,0.108335891187465,0.072617094928956,24.9
T06,S01,0.358590460589113,timeout,0.108657358307084,0.0822966326883505,24.9
T06,S02,0.256142669387075,timeout,0.108393416333005,0.0692938643301154,24.9
