session,datetime,id,approved,listMd5,q1_deg,q2_deg,q3_deg,q4_deg,q5_deg,q6_deg,q7_deg,tool_meas_x,tool_meas_y,tool_meas_z,tool_pred_x,tool_pred_y,tool_pred_z,tool_residual_m,note,gitHash
2026-10-03T14:02:41,2026-10-03 14:03:21,T01,1,fcf2583ca21d9a4cb5061d0394230cb6,-14.28,10.96,176.61,-107.10,-1.62,58.85,98.07,0.5822,0.1682,0.6987,0.5792,0.1730,0.6978,0.0058,"",123b595
2026-10-03T14:02:41,2026-10-03 14:03:30,T02,1,fcf2583ca21d9a4cb5061d0394230cb6,0.70,10.89,198.32,-107.03,-6.54,57.10,67.18,0.5738,-0.2010,0.6981,0.5757,-0.1962,0.6959,0.0056,"",123b595
2026-10-03T14:02:41,2026-10-03 14:03:37,T03,1,fcf2583ca21d9a4cb5061d0394230cb6,-3.95,14.70,184.76,-124.14,-2.03,59.39,90.40,0.5983,-0.0159,0.5105,0.5978,-0.0096,0.5082,0.0067,"",123b595
2026-10-03T14:02:41,2026-10-03 14:03:47,T04,1,fcf2583ca21d9a4cb5061d0394230cb6,-21.55,45.88,232.72,-60.34,1.80,36.85,93.01,0.8390,0.0005,0.6910,0.8368,-0.0022,0.6908,0.0035,"",123b595
2026-10-03T14:02:41,2026-10-03 14:03:58,T05,1,fcf2583ca21d9a4cb5061d0394230cb6,4.14,-21.56,160.06,-137.49,-41.43,76.35,78.45,0.3067,-0.0614,0.7116,0.3098,-0.0554,0.7106,0.0068,"",123b595
2026-10-03T14:02:41,2026-10-03 14:04:09,T06,1,fcf2583ca21d9a4cb5061d0394230cb6,-42.83,11.72,235.59,-72.36,-6.30,41.54,115.72,0.5528,-0.0142,0.9839,0.5527,-0.0134,0.9816,0.0025,"",123b595
2026-10-03T14:02:41,2026-10-03 14:04:20,E01,1,fcf2583ca21d9a4cb5061d0394230cb6,-35.67,25.46,174.98,-85.06,1.97,49.07,89.43,0.5656,0.4628,0.6924,0.5595,0.4643,0.6939,0.0064,"",123b595
2026-10-03T14:02:41,2026-10-03 14:04:31,E02,1,fcf2583ca21d9a4cb5061d0394230cb6,15.42,29.27,220.17,-84.92,2.11,49.33,68.15,0.5596,-0.4733,0.6976,0.5611,-0.4721,0.6943,0.0038,"",123b595
2026-10-03T14:02:41,2026-10-03 14:04:42,E03,1,fcf2583ca21d9a4cb5061d0394230cb6,-24.10,63.67,232.62,-73.44,-0.90,40.98,77.30,0.8839,-0.0066,0.3637,0.8823,-0.0085,0.3638,0.0024,"",123b595
