episode,reward,avg_reward,q0,steps
1,-209.490055148933,-209.490055148933,-7.34588902560063e-05,340
2,-770.371427511554,-489.930741330244,-7.34588902560063e-05,340
3,-262.31306086101,-414.058181173832,-7.34588902560063e-05,340
4,-1028.30874878576,-567.620823076815,-7.34588902560063e-05,340
5,-258.114496295919,-505.719557720636,-7.34588902560063e-05,340
6,-160.474551008591,-448.178723268628,-7.34588902560063e-05,340
7,-150.380350134719,-405.636098535213,-7.34588902560063e-05,340
8,-298.072771286764,-392.190682629157,-7.34588902560063e-05,340
9,-305.570297954597,-382.566195443094,-0.154500052332878,340
10,-280.254619969479,-372.335037895733,-0.154500052332878,340
11,-233.356309766513,-359.700608065804,-0.154500052332878,340
12,-256.345630216327,-351.087693245014,-0.154500052332878,340
13,-446.491360402883,-358.426436872542,-0.154500052332878,340
14,-175.195045741721,-345.338480363198,-0.154500052332878,340
15,-112.48717052934,-329.815059707607,-0.154500052332878,340
16,-149.479388740929,-318.54408027219,-0.154500052332878,340
17,-302.748817887366,-317.61494719073,-0.400777220726013,292
18,-94.4160727649337,-305.21500972263,-0.400777220726013,190
19,-226.616668171721,-301.078254904161,-0.400777220726013,229
20,-393.154698707943,-305.68207709435,-0.400777220726013,289
21,-149.663042534201,-298.252599258153,-0.400777220726013,210
22,-112.355397279249,-289.80272644093,-0.400777220726013,270
23,-257.471598720687,-288.397025235702,-0.400777220726013,275
24,-272.770341121505,-287.74591339761,-0.400777220726013,272
25,-43.077371451334,-277.959171719759,-0.758287191390991,135
26,-93.8929217367855,-273.335286383273,-0.758287191390991,168
27,-38.5017318095854,-244.060498555195,-0.758287191390991,170
28,-62.3794225703841,-236.06315302357,-0.758287191390991,147
29,-211.881341530954,-203.406056733377,-0.758287191390991,178
30,-98.8890023462364,-197.03703697539,-0.758287191390991,172
31,-149.258712120635,-196.588403419872,-0.758287191390991,204
32,-84.9641692355096,-193.971756183903,-0.758287191390991,149
33,-66.9292738706895,-184.72601628726,-1.26228106021881,105
34,-37.2394797429121,-173.992783558793,-1.26228106021881,102
35,1.7427194320478,-162.712889982732,-1.26228106021881,127
36,-15.4483633437243,-153.99657212582,-1.26228106021881,143
37,-120.811443065606,-148.575204639791,-1.26228106021881,108
38,-46.1138839425791,-132.560105581379,-1.26228106021881,106
39,33.5917660725863,-124.208633108807,-1.26228106021881,151
40,-13.6377725945299,-120.254657191415,-1.26228106021881,138
41,-60.7225463623176,-116.70438349627,-1.95073115825653,115
42,5.91921518838694,-104.35766217324,-1.95073115825653,115
43,-32.1643672125897,-101.867593951146,-1.95073115825653,112
44,-55.5672979163689,-95.0256191409322,-1.95073115825653,96
45,1.86526098650943,-79.2248207531541,-1.95073115825653,115
46,-24.6537552916803,-74.2244492634533,-1.95073115825653,94
47,-40.9255553506865,-71.3672555863108,-1.95073115825653,97
48,-88.9187785823913,-64.625142780779,-1.95073115825653,101
49,-74.3317612721437,-56.6875995868045,-2.87231731414795,76
50,-23.752626787573,-55.914609800254,-2.87231731414795,84
51,-2.08161856677997,-52.2421576734538,-2.87231731414795,92
52,-37.1039220459158,-52.186245282907,-2.87231731414795,78
53,-60.2435215238418,-52.1008092410454,-2.87231731414795,76
54,-55.5218866045932,-45.8464310439909,-2.87231731414795,81
55,-33.1573045485398,-43.217163132083,-2.87231731414795,81
56,26.14527088436,-36.2010038118832,-2.87231731414795,101
57,-67.5350524969404,-35.5038391423405,-4.06446075439453,92
58,-35.7034755120061,-34.2548072079931,-4.06446075439453,94
59,-44.7945262739535,-34.5570090692348,-4.06446075439453,87
60,-43.5813311842474,-36.3699710938866,-4.06446075439453,85
61,-60.0347186214897,-38.1534253049972,-4.06446075439453,73
62,-45.8487700465682,-35.1549183842357,-4.06446075439453,76
63,-73.3124792149174,-36.2428621951293,-4.06446075439453,77
64,-50.9603081306064,-39.624945163257,-4.06446075439453,83
65,-47.6308170442974,-40.9846669412477,-5.58257055282593,80
66,-67.4492415273253,-41.253734747848,-5.58257055282593,74
67,-42.6932546374674,-43.1982335408822,-5.58257055282593,83
68,-67.1342281838333,-44.5970279797319,-5.58257055282593,97
69,-48.9556944463323,-44.3325638409304,-5.58257055282593,88
70,-67.5337533686558,-47.108524415137,-5.58257055282593,88
71,-53.5732487659216,-48.2653041541067,-5.58257055282593,76
72,-72.8742257432409,-49.5432509698089,-5.58257055282593,80
73,-46.2451256250386,-47.8363048515148,-7.47618865966797,76
74,-68.6498698968976,-47.6090291965049,-7.47618865966797,74
75,-53.972839626025,-48.817837710043,-7.47618865966797,75
76,-47.7520012193027,-50.6446530161439,-7.47618865966797,88
77,-60.5950031461175,-51.584296260152,-7.47618865966797,80
78,-61.5138285987068,-51.6351085431466,-7.47618865966797,78
79,2.64300101767403,-49.3085130382559,-7.47618865966797,88
80,-47.5187814589313,-49.8829721146715,-7.47618865966797,87
81,-87.5836774567918,-54.4321300483176,-9.78209972381592,78
82,-71.4287584974676,-54.5878782883387,-9.78209972381592,84
83,-64.6794808665232,-55.7469185025194,-9.78209972381592,78
84,-41.8306879806621,-55.6283649707877,-9.78209972381592,76
85,-38.2764703214329,-55.4161705362751,-9.78209972381592,76
86,-71.2025385485878,-55.8628833333591,-9.78209972381592,76
87,-52.8112435760694,-56.1413822745391,-9.78209972381592,81
88,-46.1754940962161,-55.0559028697911,-9.78209972381592,84
89,-76.4924744214353,-56.0771895214242,-12.5513505935669,76
90,-71.1584271222385,-57.0182939245419,-12.5513505935669,72
91,-58.0225059643338,-56.6412245020222,-12.5513505935669,80
92,-25.3991981474332,-55.9494622424208,-12.5513505935669,81
93,-72.6107101553151,-56.1685215212801,-12.5513505935669,85
94,-80.0878757577115,-57.4138087737353,-12.5513505935669,78
95,-78.8690843641154,-57.8672220135537,-12.5513505935669,83
96,-83.1179251127909,-59.0490090674284,-12.5513505935669,80
97,-105.467634819786,-60.3527454304902,-15.829249382019,80
98,-93.0674013850611,-62.2256364608911,-15.829249382019,82
99,-69.8121619686223,-62.2721281437601,-15.829249382019,87
100,-104.008915172077,-64.2735711656022,-15.829249382019,83
101,-27.4975645318484,-63.463393698104,-15.829249382019,84
102,-47.7993734079464,-62.9515685085772,-15.829249382019,89
103,-71.1144824648564,-63.3355946632232,-15.829249382019,75
104,-75.2938536989957,-66.45306885189,-15.829249382019,84
105,-50.0266322905414,-66.5533828851544,-19.6624984741211,88
106,-109.841305197215,-67.4436879947713,-19.6624984741211,83
107,-52.1294142476574,-66.6717142247789,-19.6624984741211,78
108,-78.5210654540524,-67.2253776082801,-19.6624984741211,96
109,-63.9294545543651,-68.1093282712282,-19.6624984741211,84
110,-53.8628200731889,-68.7327822612984,-19.6624984741211,86
111,-90.2250508572766,-69.493682753646,-19.6624984741211,74
112,-86.0602993367755,-70.8236449840742,-19.6624984741211,85
113,-77.343488756038,-72.0703647704671,-24.0998840332031,74
114,-67.5638358116485,-71.7132192260756,-24.0998840332031,86
115,-46.9022220238136,-70.7429710221386,-24.0998840332031,102
116,-68.4021632924097,-71.1581573152617,-24.0998840332031,73
117,-97.5236306383706,-74.0431346148992,-24.0998840332031,89
118,-79.1873390641175,-74.3061997712512,-24.0998840332031,91
119,-38.7653939978006,-72.6533005008548,-24.0998840332031,91
120,-79.4693735766989,-72.6773120693582,-24.0998840332031,85
121,-78.9776955880911,-72.5117028883702,-29.1941032409668,75
122,-78.6733877664672,-71.4399330062374,-29.1941032409668,77
123,-83.3846819408924,-71.0526242284707,-29.1941032409668,75
124,-49.0278162701048,-70.22125040053,-29.1941032409668,88
125,-92.0646651073173,-69.7434803979396,-29.1941032409668,90
126,-81.8676028030211,-71.9182819287865,-29.1941032409668,81
127,-97.3359323701893,-73.8997442872762,-29.1941032409668,79
128,-66.4480985784992,-73.7130889318219,-29.1941032409668,84
129,-80.5177740519926,-73.9220457459418,-34.9937515258789,84
130,-87.7057064902234,-75.429208713929,-34.9937515258789,84
131,-94.0219772796941,-74.7964355972282,-34.9937515258789,88
132,-55.4598045969842,-74.9296512112013,-34.9937515258789,84
133,-82.732412391905,-75.0981050887154,-34.9937515258789,92
134,-55.6240658826257,-74.7658895418458,-34.9937515258789,80
135,-69.3075036137602,-75.3836768834687,-34.9937515258789,78
136,-108.447728460493,-76.1125839875973,-34.9937515258789,87
137,-54.7036276447594,-74.8583171199167,-40.6471252441406,90
138,-74.1241086418956,-74.729541915351,-40.6471252441406,78
139,-26.7276484021136,-73.0960944189696,-40.6471252441406,91
140,-76.7772345494084,-74.2910949199934,-40.6471252441406,78
141,-76.1445583643389,-74.6007907228706,-40.6471252441406,81
142,-80.6335357897734,-73.9251869289267,-40.6471252441406,79
143,-51.3121707084396,-72.8101801946996,-40.6471252441406,80
144,-49.9341240257578,-73.2569293958178,-40.6471252441406,84
145,-72.3758943598125,-72.9731902271424,-45.1367225646973,77
146,-75.8809783909366,-72.8493215392562,-45.1367225646973,76
147,-75.3368333926299,-72.7158593643027,-45.1367225646973,90
148,-81.9621601648477,-72.6589584932609,-45.1367225646973,81
149,-52.203582280598,-72.7859891336806,-45.1367225646973,76
150,-80.2021778234995,-72.3114896423279,-45.1367225646973,100
151,-49.9114110930176,-71.0332419739278,-45.1367225646973,86
152,-74.111511726052,-70.1042651481623,-45.1367225646973,76
153,-69.7606773300253,-70.2367682982233,-48.3922538757324,93
154,-82.2062720085487,-70.3043082164856,-48.3922538757324,85
155,-60.7969227465447,-69.2279568667384,-48.3922538757324,83
156,-84.3185393195962,-68.8398193483345,-48.3922538757324,76
157,-96.4117771930699,-70.477898252178,-48.3922538757324,90
158,-54.9473792538951,-69.3664969266575,-48.3922538757324,78
159,-49.1209697915266,-69.1063730830136,-48.3922538757324,86
160,-72.850809723919,-69.2481053274199,-48.3922538757324,79
161,-102.738034753486,-69.0197175791397,-50.4349479675293,83
162,-79.3533725233092,-70.0057073742817,-50.4349479675293,76
163,-51.529257999049,-69.1019133485678,-50.4349479675293,94
164,-44.8107861638224,-69.8252388590361,-50.4349479675293,94
165,-44.7048330570735,-68.5423427993427,-50.4349479675293,91
166,-37.512790771305,-66.9970720956214,-50.4349479675293,77
167,-80.2817240764457,-66.9829996270883,-50.4349479675293,73
168,-39.6667929630233,-66.5171845172716,-50.4349479675293,81
169,-34.4950738537834,-65.8996225103927,-51.3422966003418,78
170,-63.2834699947547,-65.5359255357904,-51.3422966003418,91
171,-58.1008112563286,-64.824718850406,-51.3422966003418,81
172,-59.8668103612476,-64.2059179291507,-51.3422966003418,80
173,-51.0851501511729,-62.9708375286038,-51.3422966003418,88
174,-68.3437822350515,-63.6164455267819,-51.3422966003418,81
175,-48.9313752710102,-62.3656134246823,-51.3422966003418,86
176,-69.1746404890613,-63.1361426005241,-51.3422966003418,76
177,-54.4534299250922,-62.3498193284857,-51.2315826416016,85
178,-57.671699438515,-61.8662602128253,-51.2315826416016,87
179,-29.3314076960871,-59.7512656403268,-51.2315826416016,81
180,-76.7650374730897,-60.3899902293886,-51.2315826416016,80
181,-74.1619294887624,-59.9837258361553,-51.2315826416016,72
182,-61.9749767327047,-58.6062538177407,-51.2315826416016,69
183,-88.7565572460495,-59.9586209374268,-51.2315826416016,78
184,-32.7453397558722,-59.3035957360007,-51.2315826416016,88
185,-81.3880911899321,-59.6450869946412,-50.2408027648926,74
186,-53.9786632735708,-57.6947121354446,-50.2408027648926,79
187,-18.148902708133,-55.2465333428375,-50.2408027648926,87
188,-15.2009755305496,-53.7934020440975,-50.2408027648926,89
189,-62.0380260588572,-54.4824916398989,-50.2408027648926,82
190,-71.6740533214696,-55.5612604504748,-50.2408027648926,80
191,-35.5154213744033,-55.4813656745987,-50.2408027648926,103
192,-80.2128968667583,-55.4786125862112,-50.2408027648926,74
193,-66.2068990017135,-56.5402168277588,-48.5138854980469,75
194,-78.4870933714492,-58.2998976084654,-48.5138854980469,74
195,-27.8970677614834,-56.8844415191346,-48.5138854980469,89
196,-45.1937773996731,-56.3681601648684,-48.5138854980469,79
197,-42.5231324696313,-55.6744130492037,-48.5138854980469,84
198,-92.2288725855784,-57.3201619465799,-48.5138854980469,86
199,-85.1428642731634,-57.9921252281044,-48.5138854980469,84
200,-73.3061082514087,-58.9671145473204,-48.5138854980469,81
201,-89.1088007547327,-59.7644809579472,-46.1993103027344,79
202,-44.5984021860822,-59.3702798483868,-46.1993103027344,98
203,-30.2736630466553,-58.2743583927124,-46.1993103027344,85
204,-14.3428265076565,-57.6748151451752,-46.1993103027344,92
205,-37.0944624873445,-56.0879921457454,-46.1993103027344,80
206,-32.3334940592445,-54.4148547285647,-46.1993103027344,90
207,-75.1545038599856,-54.9420358136559,-46.1993103027344,84
208,-78.5891781508875,-54.5353406498494,-46.1993103027344,78
209,-70.7940809398114,-56.057290297207,-43.4350242614746,75
210,-42.376883368015,-54.4968419843303,-43.4350242614746,87
211,14.7581215374845,-51.7473705918881,-43.4350242614746,100
212,-45.7832998760219,-52.8527464786037,-43.4350242614746,90
213,-55.0746534986064,-54.4476935973259,-43.4350242614746,77
214,-43.766947545344,-53.7168504567854,-43.4350242614746,97
215,-54.6273409894808,-53.0349819635059,-43.4350242614746,90
216,-77.5658407418781,-54.7169987382049,-43.4350242614746,76
217,-46.8912925458252,-53.3841345653675,-40.3544502258301,89
218,-100.961075871739,-54.7743016401686,-40.3544502258301,85
219,-48.2873744544297,-53.5663128834878,-40.3544502258301,79
220,-65.6455413058775,-55.0762518252635,-40.3544502258301,86
221,-14.9282246931152,-53.8656297170012,-40.3544502258301,89
222,-49.1218310722375,-54.1295776611055,-40.3544502258301,100
223,-44.8680379967792,-52.2351442775535,-40.3544502258301,84
224,-53.5836333305445,-50.9727750398487,-40.3544502258301,97
225,-75.2392410985529,-51.0501003537345,-37.1311683654785,93
226,-42.0685797508855,-49.1684915135806,-37.1311683654785,93
227,-67.031469635627,-50.0658142115624,-37.1311683654785,76
228,-66.538503581986,-51.5164078329756,-37.1311683654785,87
229,-66.3507565630809,-53.5967250351926,-37.1311683654785,78
230,-82.3676380401051,-55.407652057303,-37.1311683654785,86
231,-39.5772208324794,-55.6974011282324,-37.1311683654785,96
232,-51.8660601301066,-54.7658633790373,-37.1311683654785,95
233,-93.7244482922551,-55.371274184692,-35.0752220153809,98
234,-82.267361748741,-55.8302054170492,-35.0752220153809,84
235,-44.2668742859369,-55.9058050537661,-35.0752220153809,92
236,-81.73877063771,-59.7656807407738,-35.0752220153809,86
237,-80.676359702765,-61.1614031338436,-35.0752220153809,103
238,-63.9449284557524,-61.5162141321294,-35.0752220153809,96
239,-61.2349033986413,-62.2149323662613,-35.0752220153809,105
240,-78.3497537662457,-63.1638288773319,-35.0752220153809,93
241,-85.2688578079251,-63.4719495599738,-33.9497146606445,83
242,-95.317056488211,-65.4089801176692,-33.9497146606445,110
243,-48.9916266137775,-63.3302021473507,-33.9497146606445,110
244,-45.0086420281666,-63.1990528503002,-33.9497146606445,94
245,-72.2456216517456,-63.4630560641349,-33.9497146606445,106
246,-100.562171483832,-66.8884139357636,-33.9497146606445,101
247,-31.7657797715182,-66.1941718837348,-33.9497146606445,88
248,-49.5076382833775,-66.3797558951988,-33.9497146606445,100
249,-99.8312908972534,-68.2296621978671,-33.5928611755371,99
250,-54.7371473524376,-67.4095784480225,-33.5928611755371,112
251,-87.2287282315705,-69.2159843872499,-33.5928611755371,115
252,-28.4189334869844,-67.6714829413042,-33.5928611755371,91
253,24.2554918516204,-64.0397231239599,-33.5928611755371,106
254,-99.5800014023157,-65.3688929175293,-33.5928611755371,105
255,-56.9099217352362,-64.3505842653346,-33.5928611755371,93
256,-2.33660084875794,-62.8609594659857,-33.5928611755371,120
257,-101.99573170935,-64.8661463291554,-33.8995704650879,103
258,-3.53596382370249,-61.2586069504133,-33.8995704650879,113
259,-24.3792349701668,-58.9430818792704,-33.8995704650879,125
260,-80.6377866296383,-60.3979183730184,-33.8995704650879,117
261,-68.1306346274403,-59.8535929326076,-33.8995704650879,99
262,-76.1057326341304,-59.6707678498623,-33.8995704650879,119
263,-103.970593406346,-61.271794447886,-33.8995704650879,112
264,-38.3349251144382,-60.3557953165179,-33.8995704650879,121
265,-84.3861479423853,-60.5972510835635,-34.8033409118652,137
266,-75.9395129710449,-60.2240772900883,-34.8033409118652,133
267,-84.6568699263842,-59.7976698276152,-34.8033409118652,122
268,-21.2718623482495,-58.6888792569941,-34.8033409118652,98
269,-104.172676402781,-61.0554406319786,-34.8033409118652,129
270,-83.0219211644078,-61.4864926124851,-34.8033409118652,132
271,-48.8662060067157,-59.4186539934005,-34.8033409118652,103
272,-82.2913091049791,-61.4396751667389,-34.8033409118652,141
273,-105.821986973416,-63.6922491143404,-36.2610816955566,139
274,-122.456901823664,-64.5972735513969,-36.2610816955566,125
275,-69.5932248476694,-65.1915166512061,-36.2610816955566,150
276,15.1842272889904,-61.0949984303837,-36.2610816955566,178
277,-15.0525375013144,-60.5603425909569,-36.2610816955566,142
278,-100.406866107267,-65.5468369093124,-36.2610816955566,128
279,-104.895961380543,-65.7594753084415,-36.2610816955566,153
280,-71.7417017641805,-66.3527465095992,-36.2610816955566,155
281,-62.3656414259751,-68.7539081326879,-38.2392845153809,150
282,-47.0503194345008,-66.556091641694,-38.2392845153809,128
283,-193.471377055357,-74.1535081709601,-38.2392845153809,180
284,-190.580028181263,-80.801539899404,-38.2392845153809,186
285,85.3241295850211,-74.1630632508176,-38.2392845153809,169
286,-46.086554243479,-73.2813000354592,-38.2392845153809,153
287,55.7932690229935,-68.0053399691742,-38.2392845153809,185
288,-172.284101971021,-70.7378803117612,-38.2392845153809,170
289,-175.498535548518,-76.2244247291244,-40.7087554931641,340
290,-161.554889173612,-79.3111743783735,-40.7087554931641,169
291,-534.839557188355,-97.6671761470659,-40.7087554931641,340
292,29.1836005071937,-93.1135573297228,-40.7087554931641,181
293,-188.260037311131,-99.793084328238,-40.7087554931641,181
294,-205.443153316829,-103.8439034048,-40.7087554931641,170
295,-130.989352605572,-105.762600662447,-40.7087554931641,157
296,-141.067922060453,-109.450669304596,-40.7087554931641,340
297,-527.014506893305,-127.239597216129,-43.6874008178711,340
298,-298.742685610963,-134.956425161631,-43.6874008178711,340
299,-278.992655641701,-141.217855314352,-43.6874008178711,340
300,-225.507521907207,-147.454427196734,-43.6874008178711,340
301,-104.901445154369,-152.257854094468,-43.6874008178711,340
302,-632.899801334161,-176.971744647782,-43.6874008178711,340
303,-419.287579965825,-189.726973202124,-43.6874008178711,340
304,-575.147861604144,-208.537049211068,-43.6874008178711,340
305,-303.74602291332,-217.817222057034,-47.1663856506348,340
306,-493.136569246495,-235.048059169855,-47.1663856506348,340
307,-287.859031934836,-244.680407669868,-47.1663856506348,340
308,-399.272050142844,-252.912434593368,-47.1663856506348,340
309,-79.4915480605365,-248.468895388539,-47.1663856506348,340
310,-533.153137193074,-273.207986059662,-47.1663856506348,340
311,-340.480331340369,-284.983737143538,-47.1663856506348,340
312,-277.827045232198,-298.328549713746,-47.1663856506348,340
313,-200.043071962317,-299.438908513398,-51.1653327941895,340
314,-507.624918029364,-312.723963812631,-51.1653327941895,340
315,-241.510440980123,-315.922185884892,-51.1653327941895,340
316,-424.149808653138,-311.494595943483,-51.1653327941895,340
317,-336.056769055166,-326.104210725978,-51.1653327941895,340
318,-359.296478745093,-332.945668383336,-51.1653327941895,340
319,-445.762390930037,-342.558437887864,-51.1653327941895,340
320,-355.991361365346,-351.558518238255,-51.1653327941895,340
321,-397.701086954342,-361.823844834011,-55.7043495178223,340
322,-518.518694653155,-361.484012344405,-55.7043495178223,340
323,-616.922222504543,-374.211193820148,-55.7043495178223,340
324,-357.458391604479,-377.349823258659,-55.7043495178223,340
325,-495.059729125605,-388.131911547395,-55.7043495178223,340
326,-447.865335248196,-401.850467151148,-55.7043495178223,340
327,-462.925169484643,-395.051481877168,-55.7043495178223,340
328,-294.412142937119,-390.056464396019,-55.7043495178223,340
329,-299.244465946722,-379.020328569723,-60.8189811706543,340
330,-668.620105322202,-393.615291866078,-60.8189811706543,340
331,-565.233458137697,-396.499167421726,-60.8189811706543,340
332,-435.518745262072,-402.405555954815,-60.8189811706543,340
333,-530.79033619771,-407.66628739701,-60.8189811706543,340
334,-453.146277092638,-422.612476558294,-60.8189811706543,340
335,-504.033208088451,-421.447679394109,-60.8189811706543,340
336,-480.783394467533,-427.059801919196,-60.8189811706543,340
337,-507.349585667928,-436.240703536625,-66.5444488525391,340
338,-540.714347760882,-449.867554568567,-66.5444488525391,340
339,-487.885359213789,-449.077972215944,-66.5444488525391,340
340,-581.200358033797,-462.665568898091,-66.5444488525391,340
341,-219.179710632029,-454.466764977247,-66.5444488525391,340
342,-607.620992243984,-465.3293339048,-66.5444488525391,340
343,-393.928907912823,-466.714631071509,-66.5444488525391,340
344,-453.306538530251,-467.016396975517,-66.5444488525391,340
345,-436.477837370077,-470.235856015707,-72.9054412841797,340
346,-356.869378539391,-468.602587679109,-72.9054412841797,340
347,-434.62683632619,-465.24691334603,-72.9054412841797,340
348,-465.299665969357,-459.182011084623,-72.9054412841797,340
349,-531.50055850339,-466.143697760579,-72.9054412841797,340
350,-618.58861779122,-471.084853307204,-72.9054412841797,340
351,-428.12598403145,-470.295279258534,-72.9054412841797,340
352,-649.523696628298,-477.75922034428,-72.9054412841797,340
353,-298.673580492071,-477.929677846478,-79.9442749023438,340
354,118.261378531894,-461.229444067333,-79.9442749023438,340
355,-53.8670264506098,-436.63932091247,-79.9442749023438,340
356,-68.921800123827,-416.786854591915,-79.9442749023438,340
357,-141.509932785947,-405.02650209287,-79.9442749023438,340
358,-371.489511426143,-398.654469102007,-79.9442749023438,340
359,-418.819272696533,-397.281388926163,-79.9442749023438,340
360,-424.468395209506,-394.098796411005,-79.9442749023438,340
361,-425.441058883733,-391.885102987653,-85.4985046386719,340
362,2.85274890798758,-371.477009604617,-85.4985046386719,340
363,-182.011911512741,-357.128912154691,-85.4985046386719,340
364,-189.475554138184,-345.192519951667,-85.4985046386719,340
365,-319.476737430169,-334.723575127522,-85.4985046386719,340
366,-164.899075998051,-332.552349742163,-85.4985046386719,340
367,14.8310057585836,-307.65426982206,-85.4985046386719,340
368,-520.039720936418,-312.698702343004,-85.4985046386719,340
369,-270.869196079657,-305.40120864498,-89.5338439941406,340
370,-477.765519403231,-307.052715926306,-89.5338439941406,340
371,-188.580855636423,-300.321175010187,-89.5338439941406,340
372,-624.432457382685,-307.913399852447,-89.5338439941406,340
373,-674.446509165172,-316.27927358028,-89.5338439941406,312
374,-247.572579683097,-304.922154427468,-89.5338439941406,340
375,-290.877330806477,-291.813702948078,-89.5338439941406,340
376,-207.50665084669,-282.988929620688,-89.5338439941406,340
377,-718.963437418649,-285.766519252302,-92.1433486938477,340
378,-845.520882924446,-307.640411349597,-92.1433486938477,340
379,-157.776029594746,-318.681907674663,-92.1433486938477,245
380,-791.911850001948,-348.203700616716,-92.1433486938477,340
381,-587.806521021352,-368.959089452617,-92.1433486938477,309
382,-188.621274904321,-370.843543137352,-92.1433486938477,340
383,-893.017401369298,-391.704658735078,-92.1433486938477,340
384,-852.031971300977,-409.033166679256,-92.1433486938477,340
385,-172.602407488208,-398.958527170404,-95.6582641601562,212
386,-120.847675609257,-386.774791839425,-95.6582641601562,225
387,-298.158255332532,-398.815232009046,-95.6582641601562,200
388,-625.30283608594,-416.546868991974,-95.6582641601562,340
389,-208.895887351331,-417.3236823205,-95.6582641601562,202
390,-587.323924433044,-428.037569800615,-95.6582641601562,340
391,-677.809117403587,-448.553971456836,-95.6582641601562,308
392,68.4913216374367,-446.407558821682,-95.6582641601562,210
393,-260.587150370961,-436.029455999064,-97.6697616577148,208
394,-604.93668000157,-449.39215535594,-97.6697616577148,330
395,-347.86785474587,-444.196248769646,-97.6697616577148,239
396,-251.55630113152,-446.71526658945,-97.6697616577148,261
397,-288.802733048026,-433.290077616063,-97.6697616577148,237
398,-655.549329820975,-432.534190442295,-97.6697616577148,335
399,-276.443169185772,-433.689014022402,-97.6697616577148,340
400,-146.67512648578,-427.920925849574,-97.6697616577148,236
401,-242.190777140003,-429.308290901307,-98.2735900878906,209
402,-271.323014610079,-411.402673988964,-98.2735900878906,243
403,-751.034885411966,-407.623234088465,-98.2735900878906,313
404,-3.358660668172,-401.446539331402,-98.2735900878906,221
405,-154.496847582976,-375.949939234643,-98.2735900878906,219
406,-101.103913541447,-356.481834935447,-98.2735900878906,179
407,-542.428971839336,-370.634142812848,-98.2735900878906,271
408,-303.205286723785,-347.041658227027,-98.2735900878906,234
409,-364.526601734423,-327.541443444365,-97.602294921875,229
410,-122.990823700899,-325.556980092873,-97.602294921875,237
411,-456.4333101703,-338.980405475314,-97.602294921875,340
412,-156.383207701025,-333.309403570054,-97.602294921875,190
413,-251.722756682536,-318.366200393918,-97.602294921875,213
414,-150.078850399384,-316.01351891584,-97.602294921875,215
415,-137.516482235868,-298.021221227953,-97.602294921875,119
416,-590.064404922325,-294.511432728702,-97.602294921875,316
417,-104.856640062976,-301.445351196719,-95.8033142089844,174
418,-182.229264530806,-298.311035763113,-95.8033142089844,172
419,-37.4811350252739,-275.612813964061,-95.8033142089844,220
420,-142.330559147717,-267.391322140135,-95.8033142089844,191
421,-118.521892060382,-262.069945777289,-95.8033142089844,155
422,-150.233445393283,-256.5271742711,-95.8033142089844,174
423,-141.029422053754,-235.946377960411,-95.8033142089844,162
424,-106.544249981985,-229.150421192259,-95.8033142089844,164
425,-199.629684386154,-231.268603508274,-93.0384063720703,184
426,-112.055618455969,-226.063197160913,-93.0384063720703,179
427,-215.638898540691,-223.835832518137,-93.0384063720703,186
428,-243.230310491261,-203.523649521309,-93.0384063720703,199
429,-148.574533291872,-209.332284426257,-93.0384063720703,184
430,-291.115116419696,-214.797015179726,-93.0384063720703,204
431,-51.3661460259366,-212.807504479106,-93.0384063720703,158
432,-242.927822225166,-200.827458494539,-93.0384063720703,192
433,-196.96874276549,-196.577996736207,-89.4669036865234,169
434,-139.550429599317,-187.578949850803,-89.4669036865234,205
435,-188.76674911724,-190.209986867456,-89.4669036865234,200
436,-79.3008051913153,-175.124686668297,-89.4669036865234,165
437,-229.114074410711,-178.033921336684,-89.4669036865234,177
438,-166.764754044557,-174.635601231165,-89.4669036865234,162
439,-141.400646098984,-174.288473059149,-89.4669036865234,169
440,-11.8060877461781,-169.260057279562,-89.4669036865234,158
441,-99.397456432309,-149.633379339961,-85.2425155639648,136
442,-130.946240307624,-150.676963349747,-85.2425155639648,145
443,-26.6058927882544,-144.452028480045,-85.2425155639648,126
444,-85.2216453476408,-146.36164889294,-85.2425155639648,119
445,-167.842147936287,-147.382112444482,-85.2425155639648,182
446,21.473078502776,-141.782313621956,-85.2425155639648,161
447,-105.438612929467,-139.990520323403,-85.2425155639648,132
448,-69.0765841976496,-137.112406809159,-85.2425155639648,156
449,-41.4076293386425,-134.506941983425,-80.5086212158203,141
450,-130.661715521919,-131.748223228856,-80.5086212158203,185
451,-152.206216109719,-133.354247135006,-80.5086212158203,145
452,89.8253884929964,-121.135675653659,-80.5086212158203,161
453,-23.6578419554297,-112.352776912225,-80.5086212158203,131
454,-88.8766666531145,-109.964862246675,-80.5086212158203,177
455,-95.9184413368332,-102.15699524336,-80.5086212158203,156
456,-0.941480030197049,-100.140008603531,-80.5086212158203,143
457,-64.2666199724207,-92.9935605134211,-75.4024429321289,133
458,-70.094709342997,-87.9185991765214,-75.4024429321289,132
459,-62.4439752284014,-84.8343410016847,-75.4024429321289,133
460,93.2321225671964,-73.5543861343073,-75.4024429321289,166
461,-151.160951889749,-76.4287920022447,-75.4024429321289,134
462,-232.748027824128,-76.5741501387813,-75.4024429321289,152
463,-127.904017058589,-75.0197206593426,-75.4024429321289,130
464,-99.753671289311,-73.3538416669557,-75.4024429321289,117
465,-52.3077664179325,-74.9739088138259,-70.0473556518555,125
466,-69.8446564061476,-73.7917968127794,-70.0473556518555,117
467,61.9217079544706,-66.0770788822956,-70.0473556518555,153
468,-137.582834954576,-70.5161565689485,-70.0473556518555,140
469,-95.5627698924849,-70.9298015507423,-70.0473556518555,159
470,-82.6275692727163,-67.5212184041994,-70.0473556518555,128
471,-73.7754832051125,-71.3311608725149,-70.0473556518555,148
472,-78.1999603279505,-70.2416147684543,-70.0473556518555,139
473,-59.786572045345,-69.8700142823621,-64.5531845092773,138
474,-88.1726771707804,-71.7406161956476,-64.5531845092773,137
475,-102.071800537467,-70.5970195962695,-64.5531845092773,115
476,61.7607384374613,-62.0383414143823,-64.5531845092773,111
477,-127.580194803971,-70.734564746261,-64.5531845092773,126
478,-101.603049508582,-73.8523730483871,-64.5531845092773,136
479,-110.587687901381,-74.7208138983177,-64.5531845092773,119
480,-41.3349410968,-72.5374738887164,-64.5531845092773,144
481,-55.1892568027119,-74.707384959617,-59.0181045532227,118
482,-56.1776548675614,-74.3838263554226,-59.0181045532227,125
483,-79.0256778142054,-74.741065094271,-59.0181045532227,122
484,-39.0181011963813,-73.8040301329902,-59.0181045532227,129
485,-67.8876763798614,-80.2488220908725,-59.0181045532227,116
486,-79.6218380891215,-77.3872575388474,-59.0181045532227,125
487,-85.4791462339067,-71.4965022752385,-59.0181045532227,152
488,-128.568274008882,-71.5230725532503,-59.0181045532227,158
489,44.6723743877494,-65.7460307261679,-53.5279273986816,136
490,80.5876174228464,-60.4302153725367,-53.5279273986816,143
491,-1.08018494744695,-57.6796365141887,-53.5279273986816,118
492,-28.5259065300044,-61.2975410935677,-53.5279273986816,140
493,-67.8384697381925,-58.5077664849124,-53.5279273986816,116
494,-95.3376572973207,-58.4987619811058,-53.5279273986816,128
495,-59.5882304529391,-57.5771884283147,-53.5279273986816,112
496,-4.67070966572203,-54.8129974867391,-53.5279273986816,122
497,-6.28465384994636,-51.9363852276189,-48.1399917602539,140
498,-65.0694964958808,-52.1477022056403,-48.1399917602539,119
499,-69.0441768603843,-51.3825621932245,-48.1399917602539,101
500,20.9915207035578,-46.4600293435835,-48.1399917602539,138
501,-135.61948583535,-54.355238314496,-48.1399917602539,127
502,-55.8590386091018,-51.4863920667012,-48.1399917602539,111
503,-64.8251409595948,-50.0152757247417,-48.1399917602539,123
504,-88.4238249742306,-49.1287212076557,-48.1399917602539,124
505,-64.2795583333866,-50.0465058971192,-42.9933433532715,106
506,-17.0978298784812,-48.52284882015,-42.9933433532715,125
507,1.73358693499053,-46.2063991480479,-42.9933433532715,130
508,-162.938542121668,-49.5629137203464,-42.9933433532715,118
509,-45.4925096861313,-49.8218900599364,-42.9933433532715,114
510,-114.771760041554,-51.6972534064041,-42.9933433532715,116
511,2.97885725543944,-48.3932255926216,-42.9933433532715,119
512,-47.808688720102,-46.8864072920695,-42.9933433532715,127
513,-82.6953383633926,-45.0514898662499,-39.3096389770508,134
514,71.1917846045386,-43.9907134575783,-39.3096389770508,140
515,-127.693580908553,-52.3219613908343,-39.3096389770508,120
516,-132.088109080422,-57.5622783561533,-39.3096389770508,135
517,-42.5551680481856,-58.1234488168805,-39.3096389770508,130
518,-17.0006861771543,-56.089937474439,-39.3096389770508,130
519,-48.3076616128164,-54.2087376470588,-39.3096389770508,118
520,-95.3758419626473,-55.6402421074472,-39.3096389770508,125
521,-60.9163538245569,-57.8900678738006,-36.7531623840332,123
522,-106.114331636751,-61.8832549852727,-36.7531623840332,97
523,18.9168805791918,-58.5237999022698,-36.7531623840332,109
524,-87.3828545771647,-59.257347010941,-36.7531623840332,136
525,25.1967525105844,-59.08913773866,-36.7531623840332,114
526,-8.32638456253384,-53.9974136877473,-36.7531623840332,125
527,-140.528940488692,-57.3842097629309,-36.7531623840332,176
528,-34.5980891786758,-56.1751276916942,-36.7531623840332,118
529,-55.0356274219307,-54.8395997896022,-35.113094329834,142
530,-88.3600292618242,-55.8028186267397,-35.113094329834,115
531,7.78551430073342,-54.8074848595711,-35.113094329834,130
532,-50.5186303468309,-56.897573550844,-35.113094329834,119
533,-119.03333957477,-55.141365448968,-35.113094329834,137
534,-17.7191821149255,-54.0304323461198,-35.113094329834,128
535,38.8525438992251,-47.8854601884886,-35.113094329834,133
536,76.3956336569103,-44.9487891324298,-35.113094329834,132
537,-57.6740975372056,-45.343405485114,-34.2166175842285,140
538,-4.80858600055678,-42.2279353906005,-34.2166175842285,131
539,-84.145149015289,-48.4414127353936,-34.2166175842285,134
540,-9.55801301278687,-43.715990019563,-34.2166175842285,147
541,-80.9127208497381,-41.6689744903356,-34.2166175842285,115
542,-19.7225975315274,-40.7556716696693,-34.2166175842285,124
543,118.056732850655,-35.3533749085569,-34.2166175842285,142
544,-158.675342648487,-39.7680821499837,-34.2166175842285,154
545,-52.2305568245752,-38.0422707444608,-33.9570770263672,140
546,-100.377441292083,-39.6207142431619,-33.9570770263672,148
547,0.629339580715985,-35.3509673944632,-33.9570770263672,139
548,-27.6031354492886,-37.2117680356024,-33.9570770263672,144
549,-111.197102208901,-38.1643379408719,-33.9570770263672,123
550,-10.1947936264997,-39.5799997863552,-33.9570770263672,123
551,19.9033228560222,-38.450811489613,-33.9570770263672,124
552,-29.242831532383,-33.9993671313606,-33.9570770263672,127
553,-222.934588326585,-41.532827097277,-34.2616157531738,157
554,-64.2663529117234,-41.9020561168687,-34.2616157531738,149
555,-87.7861333305139,-41.8791002796163,-34.2616157531738,155
556,-8.60989376257572,-42.5349166021486,-34.2616157531738,147
557,-152.107626887778,-46.5984764637865,-34.2616157531738,158
558,-101.71585450267,-45.9057770609026,-34.2616157531738,137
559,67.1447982941099,-42.5112178445412,-34.2616157531738,156
560,-82.7531336389124,-47.3754449460667,-34.2616157531738,142
561,-104.645338409304,-54.6170838287152,-35.0845108032227,141
562,-0.0804669259597617,-52.3133386042654,-35.0845108032227,153
563,-72.4531179927792,-55.0191198839543,-35.0845108032227,142
564,-179.428748908134,-58.8304638796681,-35.0845108032227,141
565,-16.0328250541897,-59.0894563613242,-35.0845108032227,151
566,-208.839084611696,-64.2065109118026,-35.0845108032227,149
567,-28.0024743314596,-64.5377059837998,-35.0845108032227,137
568,7.36503563942863,-68.9653738722489,-35.0845108032227,146
569,-16.8082341490547,-63.2906895322716,-36.3989410400391,146
570,-171.964165073671,-68.0800338622354,-36.3989410400391,150
571,-102.315876516369,-68.1575712712069,-36.3989410400391,146
572,-150.425814858312,-74.199777448768,-36.3989410400391,142
573,-135.785526533927,-78.5270730921535,-36.3989410400391,134
574,-142.462404591573,-79.7776851874604,-36.3989410400391,146
575,-136.871008315514,-84.844733775021,-36.3989410400391,146
576,-159.663920837223,-92.0274235227508,-36.3989410400391,151
577,-111.58808085612,-95.3212334957003,-38.2224884033203,146
578,-17.4038767598507,-87.1000050330309,-38.2224884033203,147
579,-105.668366748156,-88.7560855864882,-38.2224884033203,142
580,-229.558902584127,-94.4269963566328,-38.2224884033203,157
581,-79.249547405725,-97.2525825023587,-38.2224884033203,144
582,-222.451930152548,-100.06635463295,-38.2224884033203,154
583,-77.1148532922884,-99.0823145845342,-38.2224884033203,145
584,-178.439216126106,-108.905675161343,-38.2224884033203,155
585,-59.8745396438047,-107.990531401539,-40.5504760742188,142
586,38.5004839653645,-102.264698506552,-40.5504760742188,153
587,-99.1925295976921,-106.229181013421,-40.5504760742188,140
588,-5.81428232870221,-103.563627586858,-40.5504760742188,146
589,-178.489699433438,-103.52606560787,-40.5504760742188,144
590,-59.3848862544986,-105.260148055883,-40.5504760742188,155
591,-13.4229754323134,-97.4435036887072,-40.5504760742188,144
592,-185.632457859917,-103.748703029846,-40.5504760742188,151
593,-7.49628676453349,-104.343155926004,-42.6761894226074,136
594,-106.595916948177,-107.934663237969,-42.6761894226074,150
595,71.3229539772947,-98.2031784759303,-42.6761894226074,136
596,-176.547797838747,-101.172455328825,-42.6761894226074,152
597,64.4670548819951,-92.5767405392131,-42.6761894226074,138
598,-13.7381035580107,-87.6948436201765,-42.6761894226074,137
599,-201.796795242335,-90.068219246207,-42.6761894226074,149
600,42.1154905515586,-82.9087592915241,-42.6761894226074,139
601,51.3795139927515,-74.4670218983251,-43.9515151977539,134
602,-88.1806913187586,-73.5307263168306,-43.9515151977539,136
603,52.7629436153673,-70.7240535018219,-43.9515151977539,132
604,-39.2662993015476,-68.0679708039575,-43.9515151977539,142
605,57.4170223587339,-56.5889338062431,-43.9515151977539,141
606,-73.552302467797,-56.361044008726,-43.9515151977539,138
607,-61.0765195269329,-49.9060275837014,-43.9515151977539,130
608,3.98631200503594,-46.6619809718084,-43.9515151977539,139
609,-157.584695770106,-45.8278001575684,-44.4178466796875,141
610,28.0606733117203,-42.3103916393474,-44.4178466796875,139
611,-114.269002843194,-48.4211711116897,-44.4178466796875,119
612,45.0446162268165,-42.6516852787094,-44.4178466796875,134
613,9.9460402786012,-42.0212723744173,-44.4178466796875,126
614,18.3215834361055,-34.1488210596355,-44.4178466796875,125
615,-120.513959424384,-36.5939839864309,-44.4178466796875,113
616,19.9771686627004,-35.2579782226304,-44.4178466796875,130
617,-104.226877096665,-32.0017549921003,-44.1372299194336,129
618,-109.844006970015,-36.0956638003196,-44.1372299194336,127
619,-5.06248442898895,-32.034326499552,-44.1372299194336,129
620,-62.4156453058624,-37.3838704708783,-44.1372299194336,124
621,17.567201607171,-29.6192704930416,-44.1372299194336,137
622,35.2241459606234,-30.7889868498965,-44.1372299194336,117
623,45.7214779591287,-28.4106035892109,-44.1372299194336,118
624,39.0050503124362,-18.77852976702,-44.1372299194336,137
625,7.34317692906885,-20.1694223119196,-43.1855888366699,132
626,-69.8409005589893,-25.0182388939893,-43.1855888366699,135
627,-163.147715073614,-28.0169198441835,-43.1855888366699,129
628,29.7543239432878,-28.9372646310667,-43.1855888366699,132
629,-95.0028933196106,-31.1667283917892,-43.1855888366699,131
630,49.8985338277094,-31.4674679330302,-43.1855888366699,112
631,-43.3457078834133,-30.2592041496548,-43.1855888366699,118
632,-24.0695088197743,-28.7789237213685,-43.1855888366699,111
633,-60.374691088003,-31.35336384509,-41.6578598022461,111
634,95.669509448038,-21.2231956363643,-41.6578598022461,122
635,18.6481529678909,-21.5996964501174,-41.6578598022461,139
636,-22.3667595994004,-17.9236067203657,-41.6578598022461,121
637,20.2414206885668,-18.9157345418957,-41.6578598022461,123
638,-64.7113802213682,-21.9020313618945,-41.6578598022461,125
639,-21.7307459451511,-23.5041245371447,-41.6578598022461,122
640,-75.406866012562,-21.6998408006719,-41.6578598022461,98
641,22.2710560312477,-21.60808530593,-39.6405296325684,120
642,-84.7015142056571,-20.8270707902896,-39.6405296325684,101
643,-33.8129131542446,-17.7858270376588,-39.6405296325684,120
644,-93.8862516351935,-21.338777725907,-39.6405296325684,122
645,-114.093351167276,-23.4058859603635,-39.6405296325684,117
646,-60.0987985138513,-26.5125259652044,-39.6405296325684,93
647,19.8161758732634,-27.1288447686988,-39.6405296325684,119
648,85.1175383843921,-25.5530023516883,-39.6405296325684,122
649,-52.6844145913425,-29.2205809478394,-37.2360954284668,112
650,-8.32966645587418,-29.8474946832372,-37.2360954284668,115
651,-48.3324151135683,-28.9871552654203,-37.2360954284668,130
652,-10.9336679187022,-22.8985933792238,-37.2360954284668,111
653,-77.392286993177,-27.1844578166824,-37.2360954284668,107
654,-6.71689703336452,-23.6530179652326,-37.2360954284668,129
655,-40.6385153000164,-27.2744999303416,-37.2360954284668,99
656,138.65776306231,-19.9943610925127,-37.2360954284668,117
657,6.45565252519438,-18.773354638714,-34.5609893798828,134
658,9.92626095308519,-15.9613165570704,-34.5609893798828,127
659,-29.7309598231125,-20.9773353279164,-34.5609893798828,127
660,39.8752192794185,-20.1282526754553,-34.5609893798828,125
661,17.0491799538002,-18.5516150933273,-34.5609893798828,127
662,-36.5399647460536,-20.8228705107121,-34.5609893798828,131
663,28.3341705500257,-17.1010484798564,-34.5609893798828,119
664,114.262498801717,-11.6613186899817,-34.5609893798828,124
665,-77.485080914405,-11.7444472860554,-31.6450462341309,123
666,-36.6307967416588,-14.1005213969716,-31.6450462341309,135
667,-5.94708743662128,-10.9503443262102,-31.6450462341309,129
668,73.1712453841095,-6.67097798467606,-31.6450462341309,129
669,-88.9908192376624,-6.47516068877481,-31.6450462341309,125
670,-12.8672416945745,-2.42611630986675,-31.6450462341309,125
671,-25.7440783063473,-1.0519275015666,-31.6450462341309,126
672,122.786310730296,3.06687789271471,-31.6450462341309,129
673,31.4622470683108,0.920666240071455,-29.1056442260742,137
674,32.9964638781141,4.34790137884972,-29.1056442260742,127
675,25.6737344650031,5.70803741568481,-29.1056442260742,134
676,183.370075001455,14.9761370202857,-29.1056442260742,131
677,-25.2705226795328,14.4026628298525,-29.1056442260742,134
678,-99.3001002615534,13.5263502991175,-29.1056442260742,141
679,-159.008021281567,7.43470532918939,-29.1056442260742,141
680,-62.5559864706262,6.55800648236499,-29.1056442260742,143
681,138.433360330627,6.54903037309767,-26.776065826416,137
682,-122.271232201382,1.39995498403461,-26.776065826416,139
683,85.6758515091468,4.42993860627708,-26.776065826416,136
684,100.789015381714,9.65073761447015,-26.776065826416,143
685,18.8966191287597,8.8115936084438,-26.776065826416,145
686,-79.4408911838761,4.95199076293674,-26.776065826416,138
687,17.8788149637575,7.12874195132919,-26.776065826416,131
688,47.8298387536663,7.90856867947481,-26.776065826416,139
689,-22.1642799404314,2.45149752978889,-24.3903369903564,145
690,17.0026112657618,6.23100521699556,-24.3903369903564,147
691,26.3026231943318,8.74834201443518,-24.3903369903564,146
692,-36.9410466434938,7.50858364616028,-24.3903369903564,148
693,-152.113682269002,-1.50281345996418,-24.3903369903564,153
694,78.8376283699408,5.21032444433994,-24.3903369903564,146
695,50.8455846111014,7.75883749656698,-24.3903369903564,149
696,173.600703015629,15.732628749446,-24.3903369903564,139
697,204.674821486578,19.0081691796973,-21.7940998077393,153
698,41.9821900642725,19.4289668995358,-21.7940998077393,154
699,217.654537082251,26.8152898277012,-21.7940998077393,148
700,53.7612526670262,27.9387905557822,-21.7940998077393,154
701,0.82724630314776,20.6370774078499,-21.7940998077393,156
702,-692.017105994362,-6.0327859247433,-21.7940998077393,340
703,-38.8049304016177,-3.61297913034587,-21.7940998077393,154
704,119.351712239847,7.52141021051065,-21.7940998077393,150
705,-553.275075556487,-12.1073533529238,-19.0916690826416,340
706,163.503343474889,-11.1045540271533,-19.0916690826416,154
707,134.861721102786,-0.819235894986537,-19.0916690826416,155
708,-561.624050918572,-26.7112319920953,-19.0916690826416,340
709,181.82726817699,-23.4697018802842,-19.0916690826416,154
710,-287.741190288442,-35.7352142569723,-19.0916690826416,340
711,-252.820177229279,-42.6703856987884,-19.0916690826416,340
712,164.975074269966,-36.7865353265401,-19.0916690826416,157
713,-403.70775801453,-54.8480391972679,-17.0715274810791,340
714,-397.539935784924,-69.8630654310476,-17.0715274810791,340
715,-455.041793156231,-88.7448416079273,-17.0715274810791,340
716,-460.799227380868,-108.228915630935,-17.0715274810791,340
717,-252.316308331398,-116.843926098451,-17.0715274810791,340
718,-552.03857418989,-132.840921775287,-17.0715274810791,340
719,-473.95953081294,-154.952808142602,-17.0715274810791,340
720,-570.815612987426,-179.819256046543,-17.0715274810791,340
721,-456.14014181604,-205.00888983981,-15.6815137863159,340
722,-529.351943645604,-234.369960445097,-15.6815137863159,340
723,-545.031570146991,-257.850510853548,-15.6815137863159,340
724,-466.521602161954,-285.217556423316,-15.6815137863159,340
725,-324.242703451898,-300.337714668073,-15.6815137863159,340
726,-551.06665925017,-322.413470890206,-15.6815137863159,340
727,-350.683744623541,-308.760136435373,-15.6815137863159,340
728,-396.838134069211,-323.081464582077,-15.6815137863159,340
729,-386.171708711769,-343.302401420141,-14.8277788162231,340
730,-370.755428981012,-336.001615557122,-14.8277788162231,340
731,165.252800550579,-335.931637274095,-14.8277788162231,160
732,-425.011380398137,-358.326561334132,-14.8277788162231,340
733,-328.93755527893,-349.019101508546,-14.8277788162231,340
734,-329.255331009782,-369.462405476017,-14.8277788162231,340
735,-478.6575939182,-377.099061621207,-14.8277788162231,340
736,-447.427523840129,-384.883355485641,-14.8277788162231,340
737,-333.945547019176,-404.840180337207,-14.4354772567749,340
738,-115.45099522251,-393.309909825526,-14.4354772567749,340
739,16.830319936723,-376.73509959666,-14.4354772567749,168
740,-224.825208330865,-367.526436203646,-14.4354772567749,340
741,-184.140858960596,-356.460101466835,-14.4354772567749,340
742,-232.08858942707,-355.650992710662,-14.4354772567749,340
743,-611.305188612739,-358.021657287576,-14.4354772567749,340
744,123.260080276401,-334.132872844002,-14.4354772567749,168
745,-16.9218956889189,-311.977124152062,-14.4470682144165,142
746,-7.10750639362679,-294.015818735165,-14.4470682144165,157
747,-98.8263679183716,-276.794795706076,-14.4470682144165,140
748,-60.5806895404392,-257.416760481814,-14.4470682144165,182
749,-74.6236068451572,-241.740840669142,-14.4470682144165,141
750,-80.5521966022455,-231.993220395156,-14.4470682144165,168
751,-12.1194520921633,-210.435332108835,-14.4470682144165,170
752,8.54756742363134,-196.066079626949,-14.4470682144165,158
753,91.0535797900702,-176.550411072577,-14.86696434021,125
754,64.2733925827563,-158.532607020796,-14.86696434021,134
755,65.8959956985204,-141.066550033615,-14.86696434021,128
756,46.1258712826743,-145.831627204331,-14.86696434021,122
757,2.94296126451463,-128.713453537825,-14.86696434021,147
758,36.9225470160804,-114.079049446025,-14.86696434021,127
759,-6.46102973939269,-101.167277395209,-14.86696434021,136
760,-74.2075826556377,-84.9892769447066,-14.86696434021,158
761,50.6506271816587,-65.0661509038351,-15.2442483901978,122
762,34.9746994849915,-50.3093410436684,-15.2442483901978,122
763,9.19204637883236,-45.3236193796147,-15.2442483901978,124
764,24.0408601375889,-45.0351977715801,-15.2442483901978,116
765,-21.5234968770591,-36.9031293134279,-15.2442483901978,112
766,-2.55399643710838,-29.6396548124884,-15.2442483901978,120
767,-7.13728393585989,-20.64160259284,-15.2442483901978,122
768,38.4375293951033,5.34810612747372,-15.2442483901978,123
769,62.3542293720949,2.91187209130148,-15.9152374267578,113
770,-3.35274480995,3.45463812646024,-15.9152374267578,112
771,-64.6068986560514,1.15466243596326,-15.9152374267578,109
772,19.6072827281961,5.89200846182596,-15.9152374267578,113
773,-70.6149262636645,5.49063899289695,-15.9152374267578,108
774,1.93540392972292,8.55299942389215,-15.9152374267578,114
775,20.2428157929339,12.5847999196993,-15.9152374267578,112
776,-62.4032954338226,10.573446186033,-15.9152374267578,108
777,-16.0253525345138,9.59052938770715,-17.0863800048828,111
778,34.1178612951711,7.31310064791119,-17.0863800048828,113
779,51.435628899519,6.79959010058169,-17.0863800048828,112
780,41.3827337616338,5.81905962310623,-17.0863800048828,113
781,74.3966235744119,6.94988971477573,-17.0863800048828,114
782,4.63962607982086,7.01775630738798,-17.0863800048828,111
783,8.5353844346437,5.88226980413052,-17.0863800048828,113
784,-5.93857398732344,5.90316803421328,-17.0863800048828,112
785,-8.70546471077066,8.52325275200797,-18.0925388336182,121
786,7.24239673062591,6.78692353396665,-18.0925388336182,118
787,31.0680227395374,6.63065646414849,-18.0925388336182,122
788,17.3877829911882,6.95848592864273,-18.0925388336182,123
789,-22.0399314929406,5.11525426342155,-18.0925388336182,121
790,-54.5826121667208,3.79288965183508,-18.0925388336182,117
791,22.7161915347007,4.80369717070744,-18.0925388336182,120
792,56.4802718286557,7.34839940128806,-18.0925388336182,119
793,0.558836231577665,5.83325167474704,-18.5780143737793,137
794,-106.358598012966,-0.915261420655399,-18.5780143737793,134
795,-4.06790920380256,-0.943867996409503,-18.5780143737793,133
796,57.7385620385138,3.9499504313731,-18.5780143737793,135
797,46.8389290884734,5.0392162857842,-18.5780143737793,132
798,95.8579472031122,11.6981312244553,-18.5780143737793,135
799,115.500698004351,16.2407429874404,-18.5780143737793,135
800,65.1203722000469,18.0358452437249,-18.5780143737793,132
801,53.7773902101708,22.6830726694846,-18.4402503967285,138
802,59.1758499856388,25.6911207702907,-18.4402503967285,137
803,36.0575806617704,25.7687095449547,-18.4402503967285,137
804,80.1444637155473,26.9170629375959,-18.4402503967285,136
805,-29.4384247851472,24.0842165957246,-18.4402503967285,138
806,118.149495968021,25.834331491469,-18.4402503967285,137
807,-0.149328795989959,25.6427732964365,-18.4402503967285,137
808,12.4636042419343,25.7999020887282,-18.4402503967285,138
809,81.4746217225967,29.296429917125,-17.7283496856689,146
810,188.988747194917,37.2041983933525,-17.7283496856689,146
811,185.98065762048,44.3537288289466,-17.7283496856689,145
812,172.898131668505,50.0269331861053,-17.7283496856689,145
813,184.216796758519,56.7000937367986,-17.7283496856689,146
814,49.3056267379138,59.5539160660327,-17.7283496856689,145
815,181.826703844852,69.0102887064957,-17.7283496856689,144
816,159.432815732274,74.4789536743986,-17.7283496856689,145
817,41.7596450869661,73.890128604731,-16.5211067199707,155
818,27.9412397362992,74.9854247449198,-16.5211067199707,154
819,75.2523235708313,82.2498616082717,-16.5211067199707,153
820,85.0172944555908,85.8132697546475,-16.5211067199707,152
821,88.8119175865238,87.0562039765679,-16.5211067199707,154
822,41.9156151438805,86.8592714187842,-16.5211067199707,153
823,31.5471090995125,84.2868378946402,-16.5211067199707,154
824,92.6531546976915,83.3729361623738,-16.5211067199707,153
825,-615.853270176053,56.1339904673298,-14.8977708816528,340
826,-546.236189491081,32.1334472792797,-14.8977708816528,340
827,-559.599320921875,7.38244044297917,-14.8977708816528,340
828,-598.483492588232,-17.9992024870209,-14.8977708816528,340
829,-525.36861656771,-42.2197256983512,-14.8977708816528,340
830,-600.793406278708,-65.0739249580936,-14.8977708816528,340
831,-564.587788906234,-92.3834163530638,-14.8977708816528,340
832,-553.140327992216,-114.503056320913,-14.8977708816528,340
833,-304.343296124367,-127.175332335565,-13.9344825744629,165
834,-261.07029254373,-140.877128906218,-13.9344825744629,169
835,-298.738298087589,-160.386210717518,-13.9344825744629,170
836,-294.898741620187,-179.621386687145,-13.9344825744629,170
837,-294.305450469044,-198.309529972647,-13.9344825744629,168
838,-277.098783734589,-216.762153192371,-13.9344825744629,169
839,-299.354166101995,-230.708544905968,-13.9344825744629,168
840,-274.122098656961,-248.94649700604,-13.9344825744629,170
841,-267.887101492743,-266.039293695041,-13.3260517120361,150
842,-256.340026183583,-277.963280545863,-13.3260517120361,149
843,-258.843645050316,-289.434675937327,-13.3260517120361,148
844,-258.25006771345,-302.774771588699,-13.3260517120361,148
845,-258.847986552758,-316.529382829033,-13.3260517120361,148
846,-264.78841101522,-330.673395973102,-13.3260517120361,148
847,-262.439690342678,-342.847608192565,-13.3260517120361,149
848,-255.557425176263,-354.331789563596,-13.3260517120361,149
849,-255.886699985134,-368.273383750909,-12.9577655792236,143
850,-261.587998376199,-354.102772878915,-12.9577655792236,142
851,-232.336999934723,-341.54680529666,-12.9577655792236,144
852,-264.075209301863,-329.72584083186,-12.9577655792236,143
853,-262.351452356212,-316.280559222579,-12.9577655792236,142
854,-223.313463760934,-304.198353110308,-12.9577655792236,143
855,-256.360268989132,-290.421027618725,-12.9577655792236,142
856,-265.840667184543,-278.471142749857,-12.9577655792236,141
857,-247.844646829743,-266.259315503358,-12.8188381195068,132
858,-234.474292982644,-263.464555377689,-12.8188381195068,133
859,-248.411076222856,-262.958186724854,-12.8188381195068,134
860,-249.837418952006,-261.002151559431,-12.8188381195068,134
861,-250.254541172928,-259.216383541541,-12.8188381195068,135
862,-247.452458338832,-257.342263856332,-12.8188381195068,131
863,-234.768698898756,-255.649060462899,-12.8188381195068,135
864,-231.96128016325,-252.953345025349,-12.8188381195068,133
865,-245.102589312798,-251.792564651583,-12.9269390106201,131
866,-250.165675173039,-251.083707598794,-12.9269390106201,131
867,-245.414290919234,-250.646678188221,-12.9269390106201,130
868,-246.891652671981,-250.168598493087,-12.9269390106201,131
869,-230.372542808887,-249.053497496905,-12.9269390106201,133
870,-241.4600191014,-248.35797879885,-12.9269390106201,131
871,-243.264539047239,-247.497023920131,-12.9269390106201,132
872,-245.748908539709,-246.829392648012,-12.9269390106201,133
873,-235.731186157236,-246.036343087251,-13.2827835083008,124
874,-235.549323489434,-245.222848027423,-13.2827835083008,124
875,-239.28756999975,-244.330830892365,-13.2827835083008,124
876,-235.712468931763,-244.465849652247,-13.2827835083008,124
877,-241.934011534941,-243.58020174157,-13.2827835083008,126
878,-236.400139757427,-242.542149237619,-13.2827835083008,125
879,-236.182855850715,-243.05692492121,-13.2827835083008,124
880,-242.371195859427,-242.497361996022,-13.2827835083008,125
881,-224.766707631771,-240.854403613911,-13.9084663391113,116
882,-221.518726353874,-239.801366794876,-13.9084663391113,114
883,-217.281082808111,-239.113638387895,-13.9084663391113,112
884,-223.5141307519,-238.117760569056,-13.9084663391113,116
885,-219.574538595984,-236.907245354815,-13.9084663391113,114
886,-222.014797220871,-235.777655596733,-13.9084663391113,114
887,-217.631781240925,-234.584828512817,-13.9084663391113,114
888,-216.261056788603,-233.844522828411,-13.9084663391113,115
889,-221.494079812588,-233.425834814384,-14.883713722229,114
890,-217.902992981748,-232.337850961142,-14.883713722229,113
891,-215.583952362642,-230.954582048726,-14.883713722229,112
892,-208.892762262287,-229.493720902449,-14.883713722229,110
893,-212.898904508022,-228.13401097589,-14.883713722229,110
894,-211.120458743533,-227.363927613276,-14.883713722229,110
895,-214.067883510579,-226.268242189643,-14.883713722229,111
896,-219.973115010487,-225.336585228173,-14.883713722229,113
897,-213.473258787498,-224.045559238085,-16.1809730529785,110
898,-204.364056199287,-222.790874039767,-16.1809730529785,108
899,-195.702599463126,-221.197005078714,-16.1809730529785,105
900,-212.419938801814,-220.122299830797,-16.1809730529785,111
901,-209.894343872758,-219.089574828437,-16.1809730529785,110
902,-208.270733896612,-217.743043722904,-16.1809730529785,108
903,-205.611770995658,-216.511508972433,-16.1809730529785,108
904,-202.791309340841,-215.175847112038,-16.1809730529785,106
905,-201.468892171642,-213.539754964526,-17.7864189147949,107
906,-210.261462931224,-212.959545176505,-17.7864189147949,109
907,-207.868205595547,-212.413524346171,-17.7864189147949,108
908,-208.512870852757,-212.062795867957,-17.7864189147949,108
909,-208.535301502663,-211.463642697988,-17.7864189147949,108
910,-210.330241808488,-211.093870826488,-17.7864189147949,109
911,-208.133435991348,-210.538616377307,-17.7864189147949,108
912,-202.032411576813,-209.914641590743,-17.7864189147949,106
913,-207.09271874501,-209.547908068999,-19.6953239440918,107
914,-202.653126906504,-208.794269952756,-19.6953239440918,106
915,-205.223743242681,-208.287099963193,-19.6953239440918,108
916,-205.198809219793,-207.871694237479,-19.6953239440918,107
917,-204.128121737062,-207.68110861647,-19.6953239440918,106
918,-201.294407980589,-207.216928755373,-19.6953239440918,106
919,-205.117948035104,-206.976828327035,-19.6953239440918,107
920,-204.477654659164,-206.593219172979,-19.6953239440918,107
921,-198.663379629356,-205.740829757734,-21.9091358184814,105
922,-197.870500527603,-205.116719427338,-21.9091358184814,105
923,-196.108295013796,-204.786488979918,-21.9091358184814,105
924,-197.114678634898,-204.842972146789,-21.9091358184814,105
925,-203.298086561296,-204.478098057168,-21.9091358184814,106
926,-202.62452433366,-204.187305275604,-21.9091358184814,106
927,-200.763730730025,-203.887025148941,-21.9091358184814,106
928,-205.035340466709,-203.863967927783,-21.9091358184814,106
929,-200.327549748036,-203.765417544071,-24.4319286346436,105
930,-200.267416442851,-203.717358514919,-24.4319286346436,105
931,-200.685118266499,-203.33430472833,-24.4319286346436,105
932,-199.631150237476,-203.004822514007,-24.4319286346436,105
933,-200.188766612566,-202.6718583444,-24.4319286346436,105
934,-200.137041670525,-202.335927951114,-24.4319286346436,105
935,-201.339228104302,-201.976287402947,-24.4319286346436,105
936,-199.521159265461,-201.631796333911,-24.4319286346436,105
937,-196.507323431907,-201.410792808115,-27.2600593566895,104
938,-198.286130199338,-201.058529266288,-27.2600593566895,104
939,-195.542617472086,-200.774108888911,-27.2600593566895,104
940,-193.830410033951,-200.318375560562,-27.2600593566895,104
941,-200.42271072112,-200.127331620615,-27.2600593566895,105
942,-197.56327849955,-199.864737891115,-27.2600593566895,104
943,-201.24752057784,-199.862862395005,-27.2600593566895,105
944,-203.154038913772,-199.784306030152,-27.2600593566895,105
945,-198.89526942159,-199.561010620649,-30.3449974060059,104
946,-197.373663810566,-199.509421987897,-30.3449974060059,104
947,-198.034353370424,-199.51597610161,-30.3449974060059,104
948,-197.208790662486,-199.559995927557,-30.3449974060059,104
949,-197.131011580373,-199.560649245376,-30.3449974060059,104
950,-200.107593021963,-199.433029503803,-30.3449974060059,104
951,-197.938380458524,-199.245583748798,-30.3449974060059,104
952,-198.55307671535,-199.157157588211,-30.3449974060059,104
953,-199.169246395821,-198.922513825375,-33.340518951416,104
954,-198.601317689047,-198.853464543016,-33.340518951416,104
955,-200.301995469936,-198.854847704099,-33.340518951416,104
956,-197.196534707586,-198.715304361743,-33.340518951416,104
957,-199.613716734572,-198.714607021626,-33.340518951416,104
958,-199.960155167112,-198.705462563808,-33.340518951416,104
959,-200.816796302622,-198.732652749092,-33.340518951416,104
960,-200.833638392801,-198.712429160632,-33.340518951416,104
961,-202.827941978739,-198.844700469163,-36.1359748840332,104
962,-199.937431620927,-198.981904796724,-36.1359748840332,104
963,-201.573898978883,-199.113415547906,-36.1359748840332,104
964,-201.485684321484,-199.351138221882,-36.1359748840332,104
965,-200.410243377973,-199.614331555643,-36.1359748840332,104
966,-198.92185389486,-199.554297282592,-36.1359748840332,104
967,-201.184135441781,-199.699131560281,-36.1359748840332,104
968,-201.599373901187,-199.713205693215,-36.1359748840332,104
969,-199.786739691561,-199.578513724327,-38.6757965087891,104
970,-202.522314517154,-199.723595528149,-38.6757965087891,104
971,-200.561782961986,-199.851120294206,-38.6757965087891,104
972,-202.86752371995,-200.044447108187,-38.6757965087891,104
973,-203.400464454633,-200.292114059873,-38.6757965087891,104
974,-200.751577877858,-200.436936711773,-38.6757965087891,104
975,-200.254076041246,-200.442796032544,-38.6757965087891,104
976,-200.226326459513,-200.534313872583,-38.6757965087891,104
977,-201.771844019256,-200.66306456474,-40.9291458129883,104
978,-203.550141844665,-200.838300382693,-40.9291458129883,104
979,-201.796880995937,-200.966122914969,-40.9291458129883,104
980,-202.198038534619,-201.041964637556,-40.9291458129883,104
981,-202.488120932486,-201.253628086552,-40.9291458129883,104
982,-202.889819532768,-201.38467219848,-40.9291458129883,104
983,-203.888486595038,-201.541805455597,-40.9291458129883,104
984,-200.678546938492,-201.536275481032,-40.9291458129883,104
985,-202.715690182145,-201.611557552606,-42.8898620605469,104
986,-201.018470547201,-201.539178695344,-42.8898620605469,104
987,-203.82163018799,-201.694546638027,-42.8898620605469,104
988,-202.83182828784,-201.744863810385,-42.8898620605469,104
989,-204.236387195573,-201.854891925348,-42.8898620605469,104
990,-202.719214909515,-201.94725078661,-42.8898620605469,104
991,-203.007477699735,-202.110675738805,-42.8898620605469,104
992,-201.64462136067,-202.129095175561,-42.8898620605469,104
993,-203.622704771747,-202.210028410383,-44.582145690918,104
994,-203.038595129743,-202.34010262791,-44.582145690918,104
995,-204.627586396591,-202.424313503088,-44.582145690918,104
996,-202.456736143794,-202.50011163036,-44.582145690918,104
997,-200.862062012987,-202.419893162082,-44.582145690918,104
998,-202.351470774895,-202.377933414892,-44.582145690918,104
999,-202.731447895145,-202.457128215584,-44.582145690918,104
1000,-204.167653837003,-202.613671327414,-44.582145690918,104
