algo,seed,sat_J2,sat_J4,at_bound,absmean,t_end,stop_reason
DDPG,0,0,0,0,0.909286351326634,1.675,ep>0.5m
DDPG,1,1,1,1,0.999957189942798,3.4,ep>0.5m
DDPG,2,1,1,1,0.9998101802181,3.45,ep>0.5m
DDPG,3,1,1,1,1,1.65,ep>0.5m
DDPG,4,1,1,1,0.999881598589232,3.45,ep>0.5m
PG,0,0.947368421052632,1,0.903508771929825,0.998234252657807,2.825,ep>0.5m
PG,1,0,0.420454545454545,0,0.509919266602744,2.175,ep>0.5m
PG,2,1,1,1,0.999999914775815,1.4,ep>0.5m
PG,3,0.194805194805195,0.0909090909090909,0.051948051948052,0.496853499920501,3.825,ep>0.5m
PG,4,1,1,1,0.998644717818215,2.6,ep>0.5m
PPO,0,1,1,1,0.999957033057711,1.65,ep>0.5m
PPO,1,0,0,0,0.171294523062209,8.5,none
PPO,2,0,0,0,0.393288804205926,8.5,none
PPO,3,0,0.0410557184750733,0,0.632194272343539,8.5,none
PPO,4,0,0,0,0.448119651497194,8.5,none
SAC,0,0,0,0,0.0388752057167901,8.5,none
SAC,1,0,0,0,0.0179712404524279,8.5,none
SAC,2,0,0,0,0.0112669135422604,8.5,none
SAC,3,0,0,0,0.00534617346420418,8.5,none
SAC,4,0,0,0,0.0187033029963451,8.5,none
TD3,0,1,1,1,0.999980128078318,1.65,ep>0.5m
TD3,1,0.805755395683453,1,0.661870503597122,0.990622135375044,3.45,ep>0.5m
TD3,2,1,1,1,1,1.65,ep>0.5m
TD3,3,0.549019607843137,0,0,0.941507589583303,2.525,ep>0.5m
TD3,4,1,1,1,0.999999815050293,1.675,ep>0.5m
TRPO,0,0,0,0,0.178359953577349,8.5,none
TRPO,1,0,0,0,0.164770673484672,8.5,none
TRPO,2,0,0,0,0.158342206872497,8.5,none
TRPO,3,0,0,0,0.182241988388816,8.5,none
TRPO,4,0,0,0,0.202861165102517,8.5,none
