case,method,ori_max,ori_end,ee_max,ee_q4,qd_absmax_1,qd_absmax_2,qd_absmax_3,qd_absmax_4,qd_absmax_5,qd_absmax_6,qd_absmax_7,qdd_absmax,q_min_1,q_min_2,q_min_3,q_min_4,q_min_5,q_min_6,q_min_7,q_max_1,q_max_2,q_max_3,q_max_4,q_max_5,q_max_6,q_max_7,frac_at_vlim
J246_train,track_only,0.07471445576296,0.07471445576296,0.00184227583684367,0.00162648384221863,0.467631768796233,0.89748050872367,0.099825675060665,,,,,52.6224687912684,-1.28842368963963,0,0,,,,,0.000838231605933104,1.83133573061226,0.439777230057156,,,,,0
J246_train,min_rot,0.0657403604578583,0.0657403604578583,0.00197475885991051,0.00175764967139188,0.414532139119683,0.891998432646821,0.0999999999999998,,,,,42.3689226401836,-1.27403824568282,0,-0.391907829015964,,,,,0,2.12499316330379,0.21370815366655,,,,,0.749411764705882
J246_train,min_rot_reg,0.0694416962631977,0.0694416962631977,0.00197166107326909,0.0017404325717032,0.414532139103926,0.891998432623633,0.0999999999999998,,,,,42.3689225571244,-1.3001329101527,0,-0.182619773513601,,,,,0,2.06227562402643,0.325841546385565,,,,,0.462352941176471
J246_train_acc,track_only,0.0672433063365904,0.0672433063365904,0.00437646881682704,0.00175317109605561,0.243206578234764,0.480657405023511,0.0999999751413471,,,,,0.499999998325172,-1.29057288962986,0,-0.253792576096329,,,,,0.0137158930207433,2.0851272890377,0.097554360762836,,,,,0.0658823529411765
J246_train_acc,min_rot,0.0652700363131127,0.0652700363131127,0.00437646755262096,0.00175824608589362,0.234238893318341,0.481398822647846,0.100000000008618,,,,,0.500000003299109,-1.27032755849423,0,-0.414272100260522,,,,,0.0136613223318282,2.13116267171062,0.180452427156473,,,,,0.807058823529412
J246_train_acc,min_rot_reg,0.0695410776317749,0.0695410776317749,0.0043764675526028,0.00173905633572372,0.243215821849909,0.481168760648378,0.100000000008617,,,,,0.500000003299259,-1.30084756679906,0,-0.173295999549269,,,,,0.0136619857320075,2.05928840332535,0.303296200145636,,,,,0.828235294117647
J246_noJ6cap,track_only,0.0733512642396151,0.0733512642396151,0.00149351508321983,0.00131770793583313,0.425172146645629,0.700807536991918,0.428671202497433,,,,,51.6193060010735,-1.12403713011223,0,0,,,,,0.000808617056293872,1.49480370642652,1.165686741667,,,,,0
J246_noJ6cap,min_rot,0.0525852824834981,0.0525852824834981,0.000968005078695342,0.000790526857089421,0.28824083864901,0.977399717399363,0.97738130770816,,,,,193.846308247915,-0.762547768654532,0,-0.0187633527043576,,,,,0,1.0664955122911,2.00999999943499,,,,,0.00352941176470588
J246_noJ6cap,min_rot_reg,0.0524703742500219,0.0524703742500219,0.000965923855769375,0.000788408971552656,0.288242449764184,0.977399625524057,0.977399520583294,,,,,195.47896329681,-0.762239973738844,0,-0.0187655195507508,,,,,0,1.06645171691699,2.00999999997656,,,,,0.0117647058823529
J246_noJ6cap_acc,track_only,0.0665371044569786,0.0665371044569786,0.00437646881682704,0.00110223403598157,0.193879084388953,0.353111301165156,0.3616360709586,,,,,0.499999998325172,-0.972678511434952,0,0,,,,,0.0130770023607738,1.29554902212096,1.56314425971198,,,,,0
J246_noJ6cap_acc,min_rot,0.0204849561076153,0.0204849561076153,0.0214793857190798,0.00785251178679527,0.4023697206603,0.483158008819664,0.593083705946604,,,,,45.6618188771252,-0.684272203052877,0,-2.01,,,,,0.013049551686151,2.20981830040832,0.314549906541275,,,,,0
J246_noJ6cap_acc,min_rot_reg,0.0210412148003249,0.0210412148003249,0.0216132860415885,0.00785048194552265,0.40214328457553,0.483269071143017,0.97739996902086,,,,,28.9489279490374,-0.681536955775712,0,-2.01,,,,,0.0130497835108444,2.20670886978832,0.413194842465615,,,,,0.0105882352941176
all7,track_only,0.0744906083332312,0.0744906083332312,0.000410311392107666,4.3413297014361e-05,0.337404687393342,0.440644051451901,0.107064497898713,0.724768351459639,0.0207295066593459,0.426479909987173,0.0123667050999194,51.8814810564552,0,-1.15937078441722,-0.00802297375349216,0,-0.0149403716807066,0,0,0.0552532653483719,0.000817211254637342,0.00969890481088427,1.55412326687822,0.000329574747809779,1.04440410835826,0.00082491004149974,0
all7,min_rot,0.0457247695893705,0.0457247695893705,0.000409584773934695,2.75408199299261e-05,0.97999822149115,0.357540011078912,0.809755499712685,0.975813067442459,0.579999952715267,0.57999978817789,0.579998224377307,115.996852901056,-0.0095440421563727,-0.688106466684524,-0.0712998029003421,0,-1.43450840180676,-0.0162256686911037,-2.11676316500165,0.545958872858918,0,0.650111452689279,1.54160735149698,0.00595862403688433,2.00999999999495,0.0061363205307346,0.174117647058824
all7,min_rot_reg,0.0478642942163383,0.0478642942163383,0.000409584773934695,2.82180293422663e-05,0.979998221068546,0.357540011081827,0.809755499214171,0.975813067447847,0.579999999742282,0.57999978818265,0.579999862240223,115.999840028413,-0.00954404215214666,-0.698664986023315,-0.0626272617770688,0,-1.23334866013952,-0.0163727206610061,-2.0380063072183,0.486391598587374,0,0.61698619501846,1.41852027195867,0.00595862401851963,2.00999999999947,0.00614473259778204,0.189411764705882
