s1,s2,ts,ori_max,ori_end,ee_max,ee_max_after1s,ee_q4,v24_max,qlim_ok,q6_end,feasible
-1,-1,1,0.0548387710837307,0.0548387710837307,0.00191500212150982,0.00191500212150982,0.0017328272663716,0.667280679663191,1,-0.848000000000001,1
-1,-1,2,0.0548387710837307,0.0548387710837307,0.00191500212150982,0.00191500212150982,0.0017328272663716,0.667280679663191,1,-0.848000000000001,1
-1,-1,3,0.0548387710837307,0.0548387710837307,0.00191500212150982,0.00191500212150982,0.0017328272663716,0.667280679663191,1,-0.848000000000001,1
-1,-1,4,0.0548387710837307,0.0548387710837307,0.00191500212150982,0.00191500212150982,0.0017328272663716,0.667280679663191,1,-0.848000000000001,1
-1,-1,5,0.0548387710837307,0.0548387710837307,0.00191500212150982,0.00191500212150982,0.0017328272663716,0.667280679663191,1,-0.848000000000001,1
-1,-1,6,0.0548387710837307,0.0548387710837307,0.00191500212150982,0.00191500212150982,0.0017328272663716,0.667280679663191,1,-0.848000000000001,1
-1,-1,7,0.0548387710837307,0.0548387710837307,0.00191500212150982,0.00191500212150982,0.0017328272663716,0.667280679663191,1,-0.848000000000001,1
-1,-1,8,0.0548387710837307,0.0548387710837307,0.00191500212150982,0.00191500212150982,0.0017328272663716,0.667280679663191,1,-0.848000000000001,1
0,-1,0,0.0548387710837307,0.0548387710837307,0.00191500212150982,0.00191500212150982,0.0017328272663716,0.667280679663191,1,-0.848000000000001,1
-1,0,8,0.0557397541832364,0.0557397541832364,0.00192369817521754,0.00192369817521754,0.0017338712694166,0.667280679663191,1,-0.800000000000001,1
-1,1,8,0.0566094885717278,0.0566094885717278,0.00193211714847478,0.00193211714847478,0.00173492933884901,0.667280679663191,1,-0.752000000000001,1
0,-1,1,0.0575048531720725,0.0575048531720725,0.00193395921420981,0.00193395921420981,0.00174525777925134,0.533926408024626,1,-0.748000000000001,1
-1,0,7,0.0575922552075446,0.0575922552075446,0.00193947142584396,0.00193947142584396,0.00174080384102295,0.667280679663191,1,-0.700000000000001,1
-1,0,6,0.0594522200911078,0.0594522200911078,0.00195184172846779,0.00195184172846779,0.00174997780999515,0.667280679663191,1,-0.6,1
0,-1,2,0.0599677557336587,0.0599677557336587,0.00194907272368514,0.00194907272368514,0.00175380155288915,0.533926408024626,1,-0.648,1
1,-1,1,0.0599851888746355,0.0599851888746355,0.00194918073542701,0.00194918073542701,0.00175391266386854,0.429040562949663,1,-0.648,1
-1,1,7,0.0600512976541379,0.0600512976541379,0.00195639919104849,0.00195639919104849,0.00174703950954494,0.667280679663191,1,-0.552,1
-1,0,5,0.0613400041481933,0.0613400041481933,0.00196068727905827,0.00196068727905827,0.00175597355810988,0.667280679663191,1,-0.5,1
0,-1,3,0.0622282436623775,0.0622282436623775,0.00196038935455001,0.00196038935455001,0.00175852940450165,0.533926408024626,1,-0.548,1
-1,0,4,0.0632469590208402,0.0632469590208402,0.00196579974784951,0.00196579974784951,0.00175845550493972,0.667280679663191,1,-0.4,1
-1,1,6,0.0632589090791528,0.0632589090791528,0.00196546246108275,0.00196546246108275,0.00175792666789833,0.667280679663191,1,-0.352,1
0,-1,4,0.0642759296569783,0.0642759296569783,0.00196767780059646,0.00196767780059646,0.00175923007835975,0.533926408024626,1,-0.448,1
1,-1,2,0.064416766565371,0.064416766565371,0.00196795006935343,0.00196795006935343,0.00175953674580717,0.429040562949663,1,-0.448,1
-1,0,3,0.0651451306185893,0.0651451306185893,0.00196696622456965,0.00196696622456965,0.00175722676228042,0.667280679663191,1,-0.3,1
0,-1,5,0.0660949698763808,0.0660949698763808,0.00197072128246738,0.00197072128246738,0.00175571004776511,0.533926408024626,1,-0.348,1
-1,1,5,0.0662735236633223,0.0662735236633223,0.00195826897310707,0.00195826897310707,0.00175423432930743,0.667280679663191,1,-0.152,1
-1,0,2,0.0669948276321158,0.0669948276321158,0.00196399817216641,0.00196399817216641,0.00175209153639081,0.667280679663191,1,-0.2,1
0,-1,6,0.0676645245392785,0.0676645245392785,0.00196930886082038,0.00196930886082038,0.00174778879401219,0.533926408024626,1,-0.248,1
1,-1,3,0.0681811076264423,0.0681811076264423,0.00197021997753816,0.00197021997753816,0.00174884804201883,0.429040562949663,1,-0.248,1
-1,0,1,0.0687495442435012,0.0687495442435012,0.00195673097594873,0.00195673097594873,0.00174287466574413,0.667280679663191,1,-0.1,1
0,-1,7,0.0689623753723878,0.0689623753723878,0.0019632294535774,0.0019632294535774,0.00173707809536556,0.533926408024626,1,-0.148,1
-1,1,4,0.0690521775393913,0.0690521775393913,0.00193394480255733,0.00193394480255733,0.0017346514088155,0.667280679663191,1,0.048,1
0,-1,8,0.0699763247706848,0.0699763247706848,0.00195230148718003,0.00195230148718003,0.00173061060928323,0.533926408024626,1,-0.048,1
0,0,0,0.070364816287548,0.070364816287548,0.00194531789797161,0.00194531789797161,0.00172972396521848,0.533926408024626,1,0,1
0,0,1,0.070364816287548,0.070364816287548,0.00194531789797161,0.00194531789797161,0.00172972396521848,0.533926408024626,1,0,1
0,0,2,0.070364816287548,0.070364816287548,0.00194531789797161,0.00194531789797161,0.00172972396521848,0.533926408024626,1,0,1
0,0,3,0.070364816287548,0.070364816287548,0.00194531789797161,0.00194531789797161,0.00172972396521848,0.533926408024626,1,0,1
0,0,4,0.070364816287548,0.070364816287548,0.00194531789797161,0.00194531789797161,0.00172972396521848,0.533926408024626,1,0,1
0,0,5,0.070364816287548,0.070364816287548,0.00194531789797161,0.00194531789797161,0.00172972396521848,0.533926408024626,1,0,1
0,0,6,0.070364816287548,0.070364816287548,0.00194531789797161,0.00194531789797161,0.00172972396521848,0.533926408024626,1,0,1
0,0,7,0.070364816287548,0.070364816287548,0.00194531789797161,0.00194531789797161,0.00172972396521848,0.533926408024626,1,0,1
0,0,8,0.070364816287548,0.070364816287548,0.00194531789797161,0.00194531789797161,0.00172972396521848,0.533926408024626,1,0,1
0,1,8,0.0707207174169339,0.0707207174169339,0.00193771139792282,0.00193771139792282,0.00172880886467535,0.533926408024626,1,0.048,1
1,-1,4,0.071276651816928,0.071276651816928,0.00195487340700677,0.00195487340700677,0.00172103171188099,0.429040562949663,1,-0.048,1
0,1,7,0.0714568157139577,0.0714568157139577,0.00191785066094079,0.00191785066094079,0.0017200306146254,0.533926408024626,1,0.148,1
-1,1,3,0.0714845296554684,0.0714845296554684,0.00189205532938646,0.00189205532938646,0.00169853401251656,0.667280679663191,1,0.248,1
1,0,1,0.0717928944011263,0.0717928944011263,0.0019291165399822,0.0019291165399822,0.00171198395771045,0.429040562949663,1,0.1,1
0,1,6,0.0722009649927759,0.0722009649927759,0.00189386166598745,0.00189386166598745,0.00170055864776759,0.533926408024626,1,0.248,1
0,1,5,0.0729353711824987,0.0729353711824987,0.0018657635479445,0.0018657635479445,0.00167556572660763,0.533926408024626,1,0.348,1
1,0,2,0.0730245239139921,0.0730245239139921,0.00190817184432079,0.00190817184432079,0.00168971702217435,0.429040562949663,1,0.2,1
-1,1,2,0.0734089442552679,0.0734089442552679,0.00183271701602409,0.00183271701602409,0.00164574850136503,0.667280679663191,1,0.448,1
0,1,4,0.0736210183997996,0.0736210183997996,0.00183355378507772,0.00183355378507772,0.00164665422859843,0.533926408024626,1,0.448,1
1,-1,5,0.0736622041771003,0.0736622041771003,0.00192127993943007,0.00192127993943007,0.00167584087447331,0.429040562949663,1,0.152,1
1,0,3,0.0740511261840677,0.0740511261840677,0.00188265837259593,0.00188265837259593,0.00166311854548364,0.429040562949663,1,0.3,1
0,1,3,0.0742112398756001,0.0742112398756001,0.00179728481624471,0.00179728481624471,0.00161384501980028,0.533926408024626,1,0.548,1
-1,1,1,0.0746268862320503,0.0746268862320503,0.00175663518954691,0.00175663518954691,0.00157677212817315,0.667280679663191,1,0.648,1
0,1,2,0.0746574336313263,0.0746574336313263,0.00175706463225528,0.00175706463225528,0.00157721531863943,0.533926408024626,1,0.648,1
1,0,4,0.0748558575346678,0.0748558575346678,0.00185263332414372,0.00185263332414372,0.00163226537166696,0.429040562949663,1,0.4,1
0,1,1,0.0749110519048627,0.0749110519048627,0.00171304726366969,0.00171304726366969,0.00153689126859954,0.533926408024626,1,0.748000000000001,1
0,1,0,0.0749269433599585,0.0749269433599585,0.00166557664464119,0.00166557664464119,0.00149319526978382,0.429040562949663,1,0.848000000000001,1
1,1,1,0.0749269433599585,0.0749269433599585,0.00166557664464119,0.00166557664464119,0.00149319526978382,0.429040562949663,1,0.848000000000001,1
1,1,2,0.0749269433599585,0.0749269433599585,0.00166557664464119,0.00166557664464119,0.00149319526978382,0.429040562949663,1,0.848000000000001,1
1,1,3,0.0749269433599585,0.0749269433599585,0.00166557664464119,0.00166557664464119,0.00149319526978382,0.429040562949663,1,0.848000000000001,1
1,1,4,0.0749269433599585,0.0749269433599585,0.00166557664464119,0.00166557664464119,0.00149319526978382,0.429040562949663,1,0.848000000000001,1
1,1,5,0.0749269433599585,0.0749269433599585,0.00166557664464119,0.00166557664464119,0.00149319526978382,0.429040562949663,1,0.848000000000001,1
1,1,6,0.0749269433599585,0.0749269433599585,0.00166557664464119,0.00166557664464119,0.00149319526978382,0.429040562949663,1,0.848000000000001,1
1,1,7,0.0749269433599585,0.0749269433599585,0.00166557664464119,0.00166557664464119,0.00149319526978382,0.429040562949663,1,0.848000000000001,1
1,1,8,0.0749269433599585,0.0749269433599585,0.00166557664464119,0.00166557664464119,0.00149319526978382,0.429040562949663,1,0.848000000000001,1
1,-1,6,0.0752546623829698,0.0752546623829698,0.00186932889201014,0.00186932889201014,0.00161359810854295,0.429040562949663,1,0.352,1
1,0,8,0.0752566477028824,0.0752566477028824,0.00168924813764537,0.00168924813764537,0.0014960942631829,0.429040562949663,1,0.800000000000001,1
1,0,5,0.0754150094529293,0.0754150094529293,0.00181818471663109,0.00181818471663109,0.00159726628754578,0.429040562949663,1,0.5,1
1,-1,8,0.0755360558705119,0.0755360558705119,0.00171241211702288,0.00171241211702288,0.00149896139182272,0.429040562949663,1,0.752000000000001,1
1,0,7,0.0756580882087469,0.0756580882087469,0.0017364185426518,0.0017364185426518,0.00151858232048409,0.429040562949663,1,0.700000000000001,1
1,0,6,0.0756962630304366,0.0756962630304366,0.00177941701223215,0.00177941701223215,0.00155822849561297,0.429040562949663,1,0.6,1
1,-1,7,0.0759294310860843,0.0759294310860843,0.00179941249966708,0.00179941249966708,0.00154199437145966,0.429040562949663,1,0.552,1
