target,start,mode,stopReason,nRestarts,finalErr_m,minErr_m,tEnd_s
T01,S00,none,timeout,0,0.0260703689642502,0.0260703689642502,24.9
T01,S00,stop,progress_stop,0,0.0374224386723484,0.0312196411679226,9.3
T01,S00,restart1,timeout,1,0.0267704721272325,0.0267704721272325,24.9
T01,S00,restart5,timeout,2,0.027757291872667,0.027757291872667,24.9
T01,S06,none,timeout,0,0.0312325655484025,0.0204729763599803,24.9
T01,S06,stop,progress_stop,0,0.0267271448674847,0.0204729763599803,9
T01,S06,restart1,timeout,1,0.033778049013437,0.0204729763599803,24.9
T01,S06,restart5,timeout,4,0.0427567749858005,0.0204729763599803,24.9
T01,S07,none,timeout,0,0.0290886066515626,0.0209646447925916,24.9
T01,S07,stop,progress_stop,0,0.0278411144711181,0.0209646447925916,6.2
T01,S07,restart1,timeout,1,0.031021126894747,0.0209646447925916,24.9
T01,S07,restart5,timeout,4,0.0372383184250502,0.0209646447925916,24.9
T02,S00,none,timeout,0,0.0215029402954337,0.0215029402954337,24.9
T02,S00,stop,progress_stop,0,0.0344245821138674,0.0279127471629374,10.8
T02,S00,restart1,timeout,1,0.0214273137512702,0.0214273137512702,24.9
T02,S00,restart5,timeout,1,0.0214273137512702,0.0214273137512702,24.9
T04,S00,none,timeout,0,0.129499621997646,0.0824691723992091,24.9
T04,S00,stop,progress_stop,0,0.0894100655379023,0.0824691723992091,8.6
T04,S00,restart1,timeout,1,0.129711818017612,0.0824691723992091,24.9
T04,S00,restart5,timeout,5,0.130534885839976,0.0824691723992091,24.9
T04,S06,none,timeout,0,0.130630813179219,0.0644420486817819,24.9
T04,S06,stop,progress_stop,0,0.0712370989623959,0.0644420486817819,8.7
T04,S06,restart1,timeout,1,0.131065581973228,0.0644420486817819,24.9
T04,S06,restart5,timeout,5,0.133302639670024,0.0644420486817819,24.9
T04,S07,none,timeout,0,0.130062308888307,0.0768391677878401,24.9
T04,S07,stop,progress_stop,0,0.0833943786405716,0.0768391677878401,8.4
T04,S07,restart1,timeout,1,0.130384041530891,0.0768391677878401,24.9
T04,S07,restart5,timeout,5,0.131900874096914,0.0768391677878401,24.9
T06,S07,none,timeout,0,0.108959251491145,0.0749174171423401,24.9
T06,S07,stop,progress_stop,0,0.0809504228485338,0.0749174171423401,10.9
T06,S07,restart1,timeout,1,0.109014336944804,0.0749174171423401,24.9
T06,S07,restart5,timeout,5,0.10722370964393,0.0749174171423401,24.9
T06,S00,none,timeout,0,0.108415172610332,0.0955160666449811,24.9
T06,S00,stop,progress_stop,0,0.10181229604811,0.0955160666449811,10.1
T06,S00,restart1,timeout,1,0.108145536936604,0.0955160666449811,24.9
T06,S00,restart5,timeout,2,0.107876705103516,0.0955160666449811,24.9
T06,S06,none,timeout,0,0.109218799920342,0.0544106357595047,24.9
T06,S06,stop,progress_stop,0,0.0606760413080906,0.0544106357595047,9.9
T06,S06,restart1,timeout,1,0.109314675395722,0.0544106357595047,24.9
T06,S06,restart5,timeout,5,0.105357638476977,0.0544106357595047,24.9
E01,S00,none,timeout,0,0.0672449668305463,0.0672449668305463,24.9
E01,S00,stop,progress_stop,0,0.093173088179734,0.0865177215827053,10.3
E01,S00,restart1,timeout,1,0.0672852506182608,0.0672852506182608,24.9
E01,S00,restart5,timeout,1,0.0672852506182608,0.0672852506182608,24.9
E01,S06,none,timeout,0,0.0694601138698624,0.0645351528487095,24.9
E01,S06,stop,progress_stop,0,0.070832124563561,0.0645351528487095,10.7
E01,S06,restart1,timeout,1,0.0695826348347377,0.0645351528487095,24.9
E01,S06,restart5,timeout,3,0.0700274650336532,0.0645351528487095,24.9
E01,S07,none,timeout,0,0.0679387880418644,0.0679387880418644,24.9
E01,S07,stop,timeout,0,0.0679387880418644,0.0679387880418644,24.9
E01,S07,restart1,timeout,0,0.0679387880418644,0.0679387880418644,24.9
E01,S07,restart5,timeout,0,0.0679387880418644,0.0679387880418644,24.9
E02,S06,none,timeout,0,0.130115190463451,0.0567290206821592,24.9
E02,S06,stop,progress_stop,0,0.0629725221088715,0.0567290206821592,11.3
E02,S06,restart1,timeout,1,0.140679647522484,0.0567290206821592,24.9
E02,S06,restart5,timeout,5,0.108711972760542,0.0567290206821592,24.9
E02,S07,none,timeout,0,0.109626069395616,0.0503883356600573,24.9
E02,S07,stop,progress_stop,0,0.05585683528322,0.0503883356600573,6.4
E02,S07,restart1,timeout,1,0.136139537185051,0.0481104372746146,24.9
E02,S07,restart5,timeout,5,0.112560094798401,0.0481104372746146,24.9
E02,S00,none,timeout,0,0.0846117474897334,0.0843305752777615,24.9
E02,S00,stop,progress_stop,0,0.0913122251484417,0.0843305752777615,10.5
E02,S00,restart1,timeout,1,0.0845310553980794,0.0843305752777615,24.9
E02,S00,restart5,timeout,5,0.0993923593665925,0.0843305752777615,24.9
E03,S07,none,timeout,0,0.104300488434593,0.0556656786081217,24.9
E03,S07,stop,progress_stop,0,0.0625483225860183,0.0556656786081217,7.1
E03,S07,restart1,timeout,1,0.101974772980664,0.0556656786081217,24.9
E03,S07,restart5,timeout,5,0.0996401147135745,0.0556656786081217,24.9
E03,S00,none,timeout,0,0.10425079260719,0.0617473042156462,24.9
E03,S00,stop,progress_stop,0,0.0690743107604876,0.0617473042156462,8.1
E03,S00,restart1,timeout,1,0.101927430340879,0.0617473042156462,24.9
E03,S00,restart5,timeout,5,0.0994921828925711,0.0617473042156462,24.9
E03,S06,none,timeout,0,0.0996514921215323,0.0532275379939208,24.9
E03,S06,stop,progress_stop,0,0.0604774831683111,0.0532275379939208,9.2
E03,S06,restart1,timeout,1,0.0995197356326421,0.0532275379939208,24.9
E03,S06,restart5,timeout,5,0.100808147286931,0.0532275379939208,24.9
